#,单词,音标,解释,笔记
1,ability,英:/əˈbɪləti/ 美:/əˈbɪləti/,n. 能力，能耐；才能,
2,able,英:/'eɪb(ə)l/ 美:/'ebl/,adj. 能干的；有能力的；能,
3,about,英:/əˈbaʊt/ 美:/əˈbaʊt/,prep. 关于；大约 adj. 四处走动的,
4,above,英:/ə'bʌv/ 美:/ə'bʌv/,prep. 在……上面；在……之上；超过 adv. 在上面；在上文,
5,abroad,英:/ə'brɔːd/ 美:/ə'brɔd/,adv. 到海外；在国外 adj. 往国外的,
6,absence,英:/ˈæbsəns/ 美:/ˈæbsəns/,n. 缺席；缺乏；没有；不注意,
7,accept,英:/ək'sept/ 美:/ək'sɛpt/,vt. 接受；承认；承担；承兑；容纳 vi. 同意；承认；承兑,
8,acceptable,英:/əkˈseptəbl/ 美:/əkˈseptəbl/,adj. 合意的；受欢迎的；可接受的,
9,absent,英:/ˈæbsənt/ 美:/ˈæbsənt/,adj. 缺席的；缺少的；心不在焉的；茫然的 vt. 使缺席,
10,accident,英:/ˈæksɪdənt/ 美:/ˈæksɪdənt/,n. 事故；机遇；意外事件；意外,
11,according,英:/ə'kɔːdɪŋ/ 美:/ə'kɔrdɪŋ/,adj. 依照，根据，符合，配合（后接to）,
12,account,英:/əˈkaʊnt/ 美:/əˈkaʊnt/,n. 账目，账单；理由；帐户；解释 vi. 报帐；解释；导致,
13,achieve,英:/ə'tʃiːv/ 美:/ə'tʃiv/,vt. 完成；达到 vi. 达到目的；如愿以偿,
14,achievement,英:/əˈtʃiːvmənt/ 美:/əˈtʃiːvmənt/,n.完成，达到;成就，成绩,
15,acid,英:/ˈæsɪd/ 美:/ˈæsɪd/,n. 酸，迷幻药 adj. 酸的，讽刺的，刻薄的,
16,across,英:/ə'krɒs/ 美:/ə'krɔs/,prep. 穿过；横穿 adv. 在对面；横过,
17,act,英:/ækt/ 美:/ækt/,n. 行为；行动；法案；(戏剧、歌剧等的)一幕；假装 v. 行动；举止；假装；表演；扮演；充当；有效果,
18,action,英:/'ækʃ(ə)n/ 美:/'ækʃən/,n. 行动；活动；功能；情节；战斗,
19,active,英:/'æktɪv/ 美:/'æktɪv/,adj. 主动的；有效的；积极的；活跃的；现役的 n. 主动语态；积极分子,
20,activity,英:/æk'tɪvɪtɪ/ 美:/æk'tɪvəti/,n. 活动；活跃；行动,
21,actor,英:/'æktə/ 美:/'æktɚ/,n. 行动者；男演员；作用物,
22,actress,英:/'æktrɪs/ 美:/'æktrəs/,n. 女演员,
23,actual,英:/ˈæktʃuəl/ 美:/ˈæktʃuəl/,adj. 真实的，实际的；现行的，目前的,
24,actually,英:/ˈæktʃuəli/ 美:/ˈæktʃuəli/,adv. 实际上；事实上,
25,add,英:/æd/ 美:/æd/,vi. 加；增加；加起来；做加法 vt. 增加，添加；补充说；计算…总和,
26,addition,英:/əˈdɪʃn/ 美:/əˈdɪʃn/,n. 添加；增加物；加法,
27,address,"英:/əˈdres/ 美:/əˈdres , ˈædres/",v. 写（收信人）姓名地址；演讲；称呼（某人）；设法解决 n. 地址；网址；演讲,
28,admire,英:/ədˈmaɪə(r)/ 美:/ədˈmaɪər/,v. 欣赏，赞赏；钦佩，仰慕,
29,admit,英:/ədˈmɪt/ 美:/ədˈmɪt/,vt. 承认；准许进入；可容纳 vi. 承认；容许,
30,adult,英:/ˈædʌlt，əˈdʌlt/ 美:/ˈædʌlt，əˈdʌlt/,"adj. 成熟的；成年人的, 适宜于成年人的 n. 成年的人或动物",
31,advance,英:/ədˈvɑːns/ 美:/ədˈvæns/,n. 前进；预付款；发展；增长 vt. 预付；提出；使……前进；将……提前,
32,advantage,英:/ədˈvɑːntɪdʒ/ 美:/ədˈvæntɪdʒ/,"n. 有利条件, 有利因素, 优势 益处, 利益",
33,advertise,英:/ˈædvətaɪz/ 美:/ˈædvərtaɪz/,"vt. 公布, 宣传 vt. & vi. (给…)做广告宣传",
34,advertisement,英:/ədˈvɜːtɪsmənt/ 美:/ˌædvərˈtaɪzmənt/,n. 广告,
35,advice,英:/əd'vaɪs/ 美:/əd'vaɪs/,n. 劝告；忠告；建议,
36,advise,英:/ədˈvaɪz/ 美:/ədˈvaɪz/,vt. 劝告，忠告；通知；警告；建议 vi. 建议；与…商量,
37,affair,英:/əˈfeə(r)/ 美:/əˈfer/,n. 事情；事务；私事；（尤指关系不长久的）风流韵事,
38,afford,英:/əˈfɔːd/ 美:/əˈfɔːrd/,vt. 给予，提供；买得起,
39,afraid,英:/ə'freɪd/ 美:/ə'fred/,adj. 害怕的；担心的；恐怕,
40,after,英:/'ɑːftə/ 美:/'æftɚ/,adv. 后来，以后 prep. 在……之后,
41,afternoon,英:/ɑːftə'nuːn/ 美:/ˌæftɚ'nun/,n.下午；下午好,
42,afterward,英:/ˈɑ:ftəwəd/ 美:/ˈæftɚwɚd/,"adv. 以后, 过后, 后来",
43,again,英:/ə'gen/ 美:/ə'ɡɛn/,adv. 再一次；又，此外,
44,against,英:/ə'genst/ 美:/ə'ɡɛnst/,prep. 反对，违反；靠；倚；防备 adj. 对立的；不利的,
45,age,英:/eɪdʒ/ 美:/edʒ/,n. 年龄；时代；阶段；寿命，使用年限 vi. 变老；成熟,
46,ago,英:/ə'gəʊ/ 美:/ə'ɡo/,adv. 以前，以往 adj. 过去的；以前的,
47,agree,英:/ə'griː/ 美:/ə'ɡri/,vt. 同意；赞成；承认 vi. 同意；意见一致,
48,agreement,英:/əˈɡriːmənt/ 美:/əˈɡriːmənt/,"n. 协定, 协议, 契约 达成协议 同意",
49,ahead,英:/əˈhed/ 美:/əˈhed/,adv. 向前；预先；领先 adj. 向前的；领先的,
50,aid,英:/eɪd/ 美:/eɪd/,n. 帮助；援助；助手；帮助者 vt. 帮助；援助；有助于,
51,air,英:/eə/ 美:/ɛr/,n. 空气，大气；曲调；天空；样子 vt. 使通风，晾干；夸耀,
52,aircraft,英:/ˈeəkrɑːft/ 美:/ˈerkræft/,n. 飞机，航空器,
53,airport,英:/'eəpɔːt/ 美:/'ɛr'pɔrt/,n. 机场；航空站,
54,alcohol,英:/ˈælkəhɒl/ 美:/ˈælkəhɔːl/,n. 酒精，乙醇,
55,alive,英:/əˈlaɪv/ 美:/əˈlaɪv/,adj. 活着的；活泼的；有生气的,
56,all,英:/ɔːl/ 美:/ɔl/,adj. 全部的 adv. 越发；全然地,
57,allow,英:/əˈlaʊ/ 美:/əˈlaʊ/,vt. 允许；认可；给予 vi. 容许；考虑,
58,almost,英:/'ɔːlməʊst/ 美:/'ɔlmost/,adv. 差不多，几乎,
59,alone,英:/ə'ləʊn/ 美:/ə'lon/,adj. 单独的；孤独的；独自的 adv. 独自地；单独地,
60,along,英:/ə'lɒŋ/ 美:/ə'lɔŋ/,adv. 向前；一起；来到 prep. 沿着；顺着,
61,already,英:/ɔːl'redɪ/ 美:/ɔl'rɛdi/,adv. 已经，早已；先前,
62,also,英:/'ɔːlsəʊ/ 美:/'ɔlso/,adv. 也；同样；而且 conj. 并且；另外,
63,although,英:/ɔːl'ðəʊ/ 美:/ɔl'ðo/,conj. 虽然，尽管,
64,always,英:/'ɔːlweɪz/ 美:/'ɔlwez/,adv. 总是；永远，一直；常常,
65,among,英:/ə'mʌŋ/ 美:/ə'mʌŋ/,prep. 在…中间；在…之中,
66,amount,英:/əˈmaʊnt/ 美:/əˈmaʊnt/,vi. 总计，合计；共计；相当于；产生…结果 n. 数量；总额，总数,
67,amuse,英:/əˈmjuːz/ 美:/əˈmjuːz/,vt. 使发笑；消遣；娱乐；使愉快,
68,ancient,英:/'eɪnʃ(ə)nt/ 美:/'enʃənt/,adj. 古代的；古老的，过时的；年老的 n. 老人；古代人,
69,and,英:/ənd/ 美:/ənd/,conj. 和，与；而且；然后；就；但是,
70,anger,英:/ˈæŋɡə(r)/ 美:/ˈæŋɡər/,n. 怒，愤怒；忿怒 vt. 使发怒，激怒；恼火,
71,angry,英:/'æŋgrɪ/ 美:/'æŋɡri/,adj. 生气的；愤怒的；狂暴的；（伤口等）发炎的,
72,animal,英:/'ænɪm(ə)l/ 美:/'ænɪml/,n. 动物,
73,announce,英:/əˈnaʊns/ 美:/əˈnaʊns/,vt. 宣布；述说；预示；播报 vi. 宣布参加竞选；当播音员,
74,annoy,英:/əˈnɔɪ/ 美:/əˈnɔɪ/,vt. 骚扰；打搅；惹恼 vi. 令人讨厌；打搅；惹恼,
75,another,英:/ə'nʌðə/ 美:/ə'nʌðɚ/,adj. 另外的；不同的；又一，另一 pron. 另一个；又一个,
76,answer,英:/'ɑːnsə/ 美:/'ænsɚ/,vt. 符合；回答 vi. 符合；回答,
77,anxious,英:/ˈæŋkʃəs/ 美:/ˈæŋkʃəs/,adj. 渴望的；担忧的；焦虑的；急切的,
78,any,英:/'enɪ/ 美:/'ɛni/,adj. 任何的；所有的；丝毫 pron. 任何；任何一个；若干,
79,anyone,英:/'enɪwʌn/ 美:/'ɛnɪ'wʌn/,pron. 任何人；任何一个,
80,anything,英:/'enɪθɪŋ/ 美:/'ɛnɪ'θɪŋ/,pron. 任何事,
81,anywhere,英:/'enɪweə/ 美:/'ɛnɪwɛr/,adv. 无论何处；在任何地方 n. 任何地方,
82,apart,英:/əˈpɑːt/ 美:/əˈpɑːrt/,adv. 分离着；相距；与众不同地 adj. 分离的；与众不同的,
83,apartment,英:/əˈpɑːtmənt/ 美:/əˈpɑːrtmənt/,"n. 一套房间, 一户 厅堂, 殿堂",
84,appear,英:/əˈpɪə(r)/ 美:/əˈpɪr/,vi. 出现；似乎；显得；[法]出庭,
85,appearance,英:/əˈpɪərəns/ 美:/əˈpɪrəns/,"n. 出现, 显露, 露面 外观, 外貌, 外表",
86,apple,英:/'æp(ə)l/ 美:/'æpl/,n. 苹果；[俚]家伙,
87,approval,英:/əˈpruːvl/ 美:/əˈpruːvl/,n. 赞成；批准；认可,
88,additional,英:/əˈdɪʃənl/ 美:/əˈdɪʃənl/,"adj. 增加的, 额外的, 另外的",
89,angle,英:/ˈæŋɡl/ 美:/ˈæŋɡl/,n. 角，角度；视角；立场；角铁；（古）鱼钩 v. 斜移；从……角度提供信息；钓鱼；谋取,
90,approve,英:/əˈpruːv/ 美:/əˈpruːv/,vt. 批准；赞成；为…提供证据 vi. 批准；赞成；满意,
91,area,英:/'eərɪə/ 美:/'ɛrɪə/,n. 面积；区域，地区；范围,
92,argument,英:/ˈɑːɡjumənt/ 美:/ˈɑːrɡjumənt/,n. 争吵；论据；内容提要；论证,
93,arm,英:/ɑːm/ 美:/ɑːrm/,n. 手臂；袖子；武器；装备 vi. 武装起来,
94,army,英:/ˈɑːmi/ 美:/ˈɑːrmi/,n. 陆军，军队,
95,around,英:/ə'raʊnd/ 美:/ə'raʊnd/,adv. 到处；大约；在附近 prep. 四处；在…周围,
96,arrange,英:/əˈreɪndʒ/ 美:/əˈreɪndʒ/,vt. 排列；安排；整理 vi. 安排；排列；协商,
97,arrangement,英:/əˈreɪndʒmənt/ 美:/əˈreɪndʒmənt/,n. 安排; 解决办法 约定; 协议 布置好的东西 改编曲,
98,arrival,英:/əˈraɪvl/ 美:/əˈraɪvl/,n. 到达；到达者；到来,
99,arrive,英:/ə'raɪv/ 美:/ə'raɪv/,vi. 到达；成功；出生；达成,
100,art,英:/ɑːt/ 美:/ɑrt/,n. 艺术；美术；艺术品 adj. 艺术的；艺术品的,
101,article,英:/ˈɑːtɪkl/ 美:/ˈɑːrtɪkl/,n. 物品；文章；冠词；条款 vt. 订约将…收为学徒或见习生；使…受协议条款的约束,
102,as,英:/æz/ 美:/æz/,conj. 因为；依照；当…时；随着；虽然 prep. 当作；以…的身份；如同,
103,ashamed,英:/əˈʃeɪmd/ 美:/əˈʃeɪmd/,adj. 惭愧的，感到难为情的；耻于……的,
104,ask,英:/ɑːsk/ 美:/æsk/,vt. 问，询问；邀请；要求；需要；讨价 vi. 要求；问，询问,
105,asleep,英:/ə'sliːp/ 美:/ə'slip/,adj. 睡着的；麻木的；长眠的 adv. 进入睡眠状态；熟睡地,
106,association,英:/əˌsəʊsiˈeɪʃn/ 美:/əˌsoʊsiˈeɪʃn/,n. 协会；社团；交往；联想；联合；结合,
107,at,英:/æt/ 美:/ət/,prep. 在（表示存在或出现的地点、场所、位置、空间）；向；朝；因为；忙于；以（某种价格、速度等）,
108,atom,英:/ˈætəm/ 美:/ˈætəm/,n. 原子,
109,attach,英:/əˈtætʃ/ 美:/əˈtætʃ/,v. 系，绑；连接；使附着；附上；固定；把…作为电子邮件的附件,
110,attack,英:/əˈtæk/ 美:/əˈtæk/,n. 攻击；抨击；疾病发作 vt. 抨击；攻击；动手干,
111,attend,英:/əˈtend/ 美:/əˈtend/,vt. 出席；上（大学等）；照料；招待；陪伴 vi. 出席；照料；照顾；致力于,
112,attention,英:/ə'tenʃ(ə)n/ 美:/ə'tɛnʃən/,"n. 注意, 专心, 留心 殷勤, 厚待",
113,attitude,英:/ˈætɪtjuːd/ 美:/ˈætɪtuːd/,n. 态度；姿势；看法；意见,
114,attractive,英:/əˈtræktɪv/ 美:/əˈtræktɪv/,adj. 有吸引力的；有魅力的,
115,authority,英:/ɔːˈθɒrəti/ 美:/əˈθɔːrəti/,n. 威信，权力；管辖权；当局，官方；当权者；权威人士，专家，泰斗,
116,autumn,英:/'ɔːtəm/ 美:/'ɔtəm/,n. 秋天；成熟期；渐衰期，凋落期 adj. 秋天的，秋季的,
117,available,英:/əˈveɪləbl/ 美:/əˈveɪləbl/,adj. 可利用的；可得到的；有空的；有效的；【政】有资格的，适合的,
118,average,英:/ˈævərɪdʒ/ 美:/ˈævərɪdʒ/,n. 平均；平均数；[商]海损 adj. 平均的；普通的,
119,avoid,英:/əˈvɔɪd/ 美:/əˈvɔɪd/,vt. 避免；避开，躲避；消除,
120,awake,英:/ə'weɪk/ 美:/ə'wek/,vi. 觉醒，意识到；醒来；被唤起 vt. 唤醒；激起，唤起；使觉醒,
121,away,英:/ə'weɪ/ 美:/ə'we/,adv. 离去，离开；在远处,
122,awkward,英:/ˈɔːkwəd/ 美:/ˈɔːkwərd/,adj. 笨拙的；尴尬的；棘手的；不合适的,
123,baby,英:/'beɪbɪ/ 美:/'bebi/,n. 婴儿，婴孩；孩子气的人 vt. 纵容，娇纵；把……当婴儿般对待,
124,back,英:/bæk/ 美:/bæk/,n. 背部；后面；靠背；足球等的后卫；书报等的末尾 vt. 支持；后退；下赌注；背书,
125,background,英:/ˈbækɡraʊnd/ 美:/ˈbækɡraʊnd/,"n. (画等的)背景, 底色 背景情况 个人背景资料",
126,backward,英:/ˈbækwəd/ 美:/ˈbækwərd/,adj. 向后的；反向的；发展迟缓的 adv. 相反地；向后地,
127,bag,英:/bæg/ 美:/bæɡ/,n. 袋；猎获物；（俚）一瓶啤酒 vt. 猎获；把…装入袋中；[口]占据，私吞；使膨大,
128,bake,英:/beɪk/ 美:/beɪk/,"vt. & vi. 烤, 烘焙",
129,balance,英:/ˈbæləns/ 美:/ˈbæləns/,n. 平衡；匀称；余额 vt. 使平衡；结算；使相称,
130,ball,英:/bɔ:l/ 美:/bɔl/,n. 球；舞会 vi. 成团块,
131,band,英:/bænd/ 美:/bænd/,n. 带；松紧带；传送带；乐队；一帮 vi. 联合；聚焦,
132,bank,英:/bæŋk/ 美:/bæŋk/,n. 银行；岸；储库；浅滩 vt. 将…存入银行；倾斜转弯,
133,base,英:/beɪs/ 美:/beɪs/,n. 底部；垒；基础 adj. 卑鄙的；低劣的,
134,baseball,英:/ˈbeisbɔ:l/ 美:/'besbɔl/,n. 棒球运动；棒球,
135,basket,英:/'bɑːskɪt/ 美:/'bæskɪt/,n. 篮子；（篮球比赛的）得分；一篮之量；篮筐 vt. 装入篮,
136,bath,英:/bɑːθ/ 美:/bæθ/,n. 浴室；沐浴；浴盆 vt. 洗澡,
137,battle,英:/ˈbætl/ 美:/ˈbætl/,n. 战役；斗争 vi. 作战；斗争,
138,be,英:/biː/ 美:/bi/,prep. 在，存在；是,
139,beach,英:/biːtʃ/ 美:/bitʃ/,n. 海滩；湖滨 vt. 将…拖上岸,
140,beak,英:/biːk/ 美:/biːk/,n. 鸟嘴；鹰钩鼻子；地方执法官；男教师,
141,beam,英:/biːm/ 美:/biːm/,"n. 梁, 横梁 束, 柱 vi. 发出光与热 面露喜色 vt. 播送",
142,bean,英:/biːn/ 美:/biːn/,n. 豆；[动]嘴峰；[美口]毫无价值的东西 vt. [美口]击…的头部,
143,beat,英:/biːt/ 美:/bit/,vt. 打；打败 vi. 打；打败；拍打；有节奏地舒张与收缩,
144,beautiful,英:/ˈbjuːtəf(ə)l/ 美:/'bjʊtəfəl/,"adj. 美丽的, 悦目的 极好的, 很好的",
145,beauty,英:/ˈbjuːti/ 美:/ˈbjuːti/,n. 美；美人；美好的东西；美丽,
146,because,英:/bɪ'kɒz/ 美:/bɪ'kɔz/,conj. 因为,
147,become,英:/bɪ'kʌm/ 美:/bɪ'kʌm/,vi. 变成；变得；成为 vt. 适合；相称,
148,bed,英:/bed/ 美:/bɛd/,n. 床；基础；河底， 海底 vt. 使睡觉；安置，嵌入；栽种,
149,beer,英:/bɪə(r)/ 美:/bɪr/,n. 啤酒 vi. 喝啤酒,
150,before,英:/bɪ'fɔː/ 美:/bɪ'fɔr/,prep. 在…之前，先于 adv. 在前；以前,
151,begin,英:/bɪˈɡɪn/ 美:/bɪˈɡɪn/,vt. 开始 vi. 开始；首先,
152,beginning,英:/bɪ'gɪnɪŋ/ 美:/bɪ'ɡɪnɪŋ/,n. 开始；开端；起源；早期 adj. 刚开始的,
153,behave,英:/bɪˈheɪv/ 美:/bɪˈheɪv/,vi. 表现；举止端正；（机器等）运转；（事物）起某种作用 vt. 使守规矩；使表现得…,
154,behavior,英:/bɪˈheɪvjə(r)/ 美:/bɪˈheɪvjər/,n. 行为，举止；态度；反应,
155,belief,英:/bɪˈliːf/ 美:/bɪˈliːf/,n. 相信，信赖；教义；信仰,
156,believe,英:/bɪ'liːv/ 美:/bɪ'liv/,vi. 信任；料想；笃信宗教 vt. 相信；认为；信任,
157,bell,英:/bel/ 美:/bɛl/,n. 铃，钟；钟声，铃声；钟状物 vt. 装钟于，系铃于,
158,belong,英:/bɪˈlɒŋ/ 美:/bɪˈlɔːŋ/,vi. 属于，应归入；适宜；应被放置；居住,
159,below,英:/bɪ'ləʊ/ 美:/bɪ'lo/,adv. 在下面，在较低处；在本页下面 prep. 在…下面,
160,belt,英:/belt/ 美:/belt/,n. 地带；带；腰带 vt. 用带子系住；用皮带抽打,
161,bend,英:/bend/ 美:/bend/,vt. 使弯曲；使屈服；使致力；使朝向 vi. 弯曲，转弯；屈服；专心于；倾向,
162,beneath,英:/bɪˈniːθ/ 美:/bɪˈniːθ/,prep. 在…之下 adv. 在下方,
163,best,英:/best/ 美:/best/,n. 最好的人，最好的事物；最佳状态 adj. 最好的,
164,better,英:/ˈbetə(r)/ 美:/ˈbetər/,n. 较好者；打赌的人（等于bettor）；长辈 adv. 更多的；更好的；较大程度地,
165,between,英:/bɪ'twiːn/ 美:/bɪ'twin/,prep. 在…之间 adv. 在中间,
166,beyond,英:/bɪˈjɒnd/ 美:/bɪˈjɑːnd/,prep. 超过；越过；在...较远的一边；那一边 adv. 在更远处；在远处,
167,big,英:/bɪg/ 美:/bɪɡ/,adj. 大的；重要的；量大的 adv. 大量地；夸大地；顺利,
168,biology,英:/baɪˈɒlədʒi/ 美:/baɪˈɑːlədʒi/,n. 生物学；（一个地区全部的）生物,
169,bird,英:/bɜːd/ 美:/bɝd/,n. 鸟；家伙；羽毛球 vt. 向…喝倒彩；起哄,
170,birth,英:/bɜːθ/ 美:/bɜːrθ/,n. 出生；血统，出身；起源,
171,bit,英:/bɪt/ 美:/bɪt/,n. 少量；马嚼子；比特（二进位制信息单位）；辅币；[口]老一套 vt. 控制,
172,bitter,英:/ˈbɪtə(r)/ 美:/ˈbɪtər/,adj. 苦的；痛苦的；充满仇恨的；尖刻的 n. 苦味；苦啤酒,
173,black,英:/blæk/ 美:/blæk/,adj. 黑的；不加牛奶的；很脏的；愤怒的；令人沮丧的；邪恶的；阴沉的；机密的；黑色幽默的 n. 黑色；黑人；黑色物 v. 抵制；(使)变黑,
174,blade,英:/bleɪd/ 美:/bleɪd/,n. 刀片，刀锋；叶片；剑,
175,blind,英:/blaɪnd/ 美:/blaɪnd/,adj. 瞎的；盲目的 adv. 看不见地；盲目地,
176,block,英:/blɒk/ 美:/blɑːk/,n. 块；街区；障碍物；大厦 vt. 阻塞；阻止；限制,
177,blood,英:/blʌd/ 美:/blʌd/,n. 血，血液；血统 vt. 从…抽血；使先取得经验,
178,blow,英:/bləʊ/ 美:/bloʊ/,n. 吹；殴打；打击 vi. 风吹；喘气,
179,blue,英:/bluː/ 美:/bluː/,adj. 蓝色的；天蓝色的；蔚蓝色的；悲伤的；忧郁的；沮丧的；下流的 n. 蓝色；天蓝色；蔚蓝色 v. 变蓝；（使）变蓝；把…染成蓝色,
180,board,英:/bɔːd/ 美:/bɔːrd/,n. 木板；甲板；膳食；董事会 vt. 用板盖上；上（飞机、车、船等）；给提供膳宿,
181,boat,英:/bəʊt/ 美:/boʊt/,n. 小船；轮船 vi. 划船,
182,body,英:/'bɒdɪ/ 美:/'bɑdi/,n. 身体；主体；团体；主要部分；大量 vt. 赋以形体,
183,boil,英:/bɔɪl/ 美:/bɔɪl/,vi. 煮沸，沸腾；激动，激昂 vt. 煮沸，烧开；使…激动；使…蒸发,
184,bomb,英:/bɒm/ 美:/bɑːm/,vt. 轰炸，投弹于 vi. 轰炸，投弹；失败,
185,bone,英:/bəʊn/ 美:/boʊn/,n. 骨；骨骼；香烟；一首歌 vt. 剔去...的骨；施骨肥于,
186,book,英:/bʊk/ 美:/bʊk/,n. 书籍；帐簿；卷；名册；工作簿 vt. 预订；登记,
187,border,英:/ˈbɔːdə(r)/ 美:/ˈbɔːrdər/,n. 边界；边境；国界 vt. 接近；与…接壤；在…上镶边,
188,bored,英:/bɔ:d/ 美:/bɔrd/,adj. 无聊的；烦人的；无趣的 v. 烦扰；使厌烦（bore的过去式）,
189,boring,英:/ˈbɔːrɪŋ/ 美:/ˈbɔːrɪŋ/,adj. 令人厌烦的；无聊的 n. 钻孔,
190,born,英:/bɔ:n/ 美:/bɔrn/,v. 出世（bear的过去分词） adj. 天生的,
191,borrow,英:/ˈbɒrəʊ/ 美:/ˈbɔːroʊ/,vi. 借；借用；从其他语言中引入 vt. 借用；借,
192,both,英:/bəʊθ/ 美:/boθ/,adj. 两者的；两个的 adv. 又；并；两者皆,
193,bottle,英:/'bɒt(ə)l/ 美:/'bɑtl/,n. 瓶子；一瓶的容量 vt. 把…装入瓶中；控制,
194,bottom,英:/ˈbɒtəm/ 美:/ˈbɑːtəm/,n. 底部，最下部，（朝下的）底，底面；（容器内的）底；（湖、河、游泳池等的）底，水底；（班级、名单等的）最末位置，排名最后的人（或团队等）；（吃水线以下的）船底，船身；【英】…尽头，屁股，臀部；（两件套衣服的）下半身（bottoms） adj. 底部的，最后的，尽头的 v. （价格、恶劣局势等）降到最低点，停止恶化（bottom out）,
195,bowl,英:/bəʊl/ 美:/boʊl/,n. 碗；木球；大酒杯 vi. 玩保龄球；滑动；平稳快速移动,
196,box,英:/bɒks/ 美:/bɑks/,n. 箱，盒子；包厢；一拳 vi. 拳击,
197,boy,英:/bɒɪ/ 美:/bɔɪ/,n. 男孩；[美口]男人,
198,boyfriend,英:/'bɒɪfrend/ 美:/'bɔɪfrɛnd/,n. 男朋友,
199,brain,英:/breɪn/ 美:/breɪn/,n. 脑袋；头脑，智力 vt. 猛击…的头部,
200,branch,英:/brɑːntʃ/ 美:/bræntʃ/,vt. 分支；出现分歧 vi. 分支；出现分歧,
201,brave,英:/breɪv/ 美:/brev/,adj. 勇敢的；华丽的 vt. 勇敢地面对,
202,bread,英:/bred/ 美:/brɛd/,n. 面包 生计,
203,break,英:/breɪk/ 美:/breɪk/,n. 休息，中断；破裂处 vt. 打破，弄破；中断；弄坏；削弱,
204,breakfast,英:/'brekfəst/ 美:/'brɛkfəst/,n. 早餐 v. 吃早餐；用早餐,
205,breast,英:/brest/ 美:/brest/,n. 乳房，胸部；胸怀；心情 vt. 以胸对着；与…搏斗,
206,breath,英:/breθ/ 美:/breθ/,n. 呼吸，气息；一口气，（呼吸的）一次；微风；瞬间，瞬息；迹象；[语]无声音，气音,
207,breathe,英:/briːð/ 美:/briːð/,vi. 呼吸；低语；松口气；（风）轻拂 vt. 呼吸；流露；使喘息；低声说,
208,breed,英:/briːd/ 美:/briːd/,vi. 繁殖；饲养；产生 vt. 繁殖；饲养；养育，教育；引起,
209,brick,英:/brɪk/ 美:/brɪk/,n. 砖，砖块；砖形物；[口]心肠好的人 vt. 用砖砌,
210,bridge,英:/brɪdʒ/ 美:/brɪdʒ/,n. 桥；桥牌；船桥；桥接器 vt. 渡过；架桥,
211,bright,英:/brait/ 美:/braɪt/,adj. 明亮的，鲜明的；聪明的；愉快的 adv. 欢快地；明亮地；光明地,
212,bring,英:/brɪŋ/ 美:/brɪŋ/,vt. 带来；引起；促使；使某人处于某种情况或境地,
213,broad,英:/brɔːd/ 美:/brɔːd/,adj. 宽的，辽阔的；显著的；大概的 n. 宽阔部分,
214,broadcast,英:/ˈbrɔːdkɑːst/ 美:/ˈbrɔːdkæst/,v. 广播；散布；撒播 n. 广播；广播节目,
215,brother,英:/'brʌðə/ 美:/'brʌðɚ/,n. 兄弟；战友；同事 int. [俚]我的老兄！,
216,brown,英:/braʊn/ 美:/braʊn/,adj. 棕色的，褐色的；太阳晒黑的 vi. 变成褐色,
217,brush,英:/brʌʃ/ 美:/brʌʃ/,n. 刷子；画笔；毛笔；争吵 vt. 刷；画,
218,bubble,英:/ˈbʌbl/ 美:/ˈbʌbl/,n. 气泡，泡沫，泡状物；透明圆形罩，圆形顶 vi. 沸腾，冒泡；发出气泡声,
219,build,英:/bɪld/ 美:/bɪld/,vt. 建筑；建立 vi. 建筑；建造,
220,building,英:/'bɪldɪŋ/ 美:/'bɪldɪŋ/,n. 建筑；建筑物 v. 建筑；建立；增加（build的ing形式）,
221,bullet,英:/ˈbʊlɪt/ 美:/ˈbʊlɪt/,n. 子弹；只选某党全部候选人的投票；[美俚]豆子 vi. 射出；迅速行进,
222,burn,英:/bɜːn/ 美:/bɝn/,vt. 燃烧；烧毁，灼伤；激起…的愤怒 vi. 燃烧；烧毁；发热,
223,burst,英:/bɜːst/ 美:/bɜːrst/,vi. 爆炸；爆发，突发 vt. 爆炸；爆发，突发,
224,bury,英:/ˈberi/ 美:/ˈberi/,vt. 埋葬；隐藏,
225,bus,英:/bʌs/ 美:/bʌs/,n. 公共汽车,
226,bush,英:/bʊʃ/ 美:/bʊʃ/,n. 矮树丛；灌木 vt. 以灌木装饰；使…精疲力竭,
227,business,英:/ˈbɪznəs/ 美:/ˈbɪznəs/,n. 商业；生意；交易；事情,
228,busy,英:/'bɪzɪ/ 美:/'bɪzi/,adj. 忙碌的；热闹的；正被占用的 vt. 使忙于,
229,but,"英:/bʌt/ 美:/bʌt,bət/",conj. 但是；然而；而是 adv. 仅仅，只,
230,butter,英:/ˈbʌtə(r)/ 美:/ˈbʌtər/,vt. 涂黄油于；[口]讨好 n. 黄油；奶油；奉承话,
231,button,英:/ˈbʌtn/ 美:/ˈbʌtn/,n. [计]按钮；钮扣 vt. 扣紧；扣住；在…上装钮扣,
232,buy,英:/baɪ/ 美:/baɪ/,vt. 购买；获得；贿赂 vi. 买，采购,
233,by,英:/baɪ/ 美:/baɪ/,prep. 被；经由；在……之前；在附近；依据；通过 adv. 经过；通过；附近；[域]白俄罗斯,
234,cake,英:/keɪk/ 美:/kek/,n. 蛋糕；块状物；利益总额 vt. 使结块,
235,calculate,英:/ˈkælkjuleɪt/ 美:/ˈkælkjuleɪt/,v. 计算；估计；考虑；推测；计划；指望,
236,call,英:/kɔːl/ 美:/kɔːl/,vi. 呼叫；拜访；叫牌 vt. 呼叫；召集；称呼,
237,calm,英:/kɑːm/ 美:/kɑːm/,adj. 静的，平静的；沉着的 vt. 使平静；使镇定,
238,camera,英:/'kæm(ə)rə/ 美:/'kæmərə/,n. 照相机；摄影机,
239,camp,英:/kæmp/ 美:/kæmp/,vi. 扎营；露营 vt. 扎营；使扎营,
240,can,英:/kæn/ 美:/kən/,aux. 可以；能 n. 罐头 v. 罐装；解雇,
241,cap,英:/kæp/ 美:/kæp/,n. 帽子；盖 vi. 脱帽致意,
242,capital,英:/ˈkæpɪtl/ 美:/ˈkæpɪtl/,n. 首都，省会；大写字母；资金；资本家 adj. 重要的；大写的；首都的,
243,car,英:/kɑː/ 美:/kɑr/,n. 汽车；车厢,
244,card,英:/kɑːd/ 美:/kɑrd/,n. 卡片；纸牌；明信片 vt. 记于卡片上,
245,care,英:/keə/ 美:/kɛr/,n. 照料；忧虑；关怀；谨慎 vi. 关心；喜爱；照顾；顾虑,
246,careful,英:/'keəfʊl/ 美:/'kɛrfl/,adj. 仔细的，小心的,
247,careless,英:/'keəlɪs/ 美:/'kɛrləs/,adj. 粗心的；无忧无虑的；淡漠的,
248,carry,英:/'kærɪ/ 美:/'kæri/,vt. 拿，扛；搬运；携带；支持 vi. 被携带；被搬运；能达到,
249,case,英:/keɪs/ 美:/keɪs/,n. 情况；实例；箱 vt. 把…装于容器中；包围,
250,cat,英:/kæt/ 美:/kæt/,n. 猫；猫科动物,
251,catch,英:/kætʃ/ 美:/kætʃ/,vt. 赶上；抓住；感染；了解 vi. 赶上；抓住,
252,cattle,英:/ˈkætl/ 美:/ˈkætl/,n. [总称]牛；家畜；牲畜（骂人的话）；无价值的人,
253,cause,英:/kɔːz/ 美:/kɔːz/,n. 原因；事业；目标 vt. 引起；使遭受,
254,ceiling,英:/ˈsiːlɪŋ/ 美:/ˈsiːlɪŋ/,n. 天花板；上限,
255,cell,英:/sel/ 美:/sel/,n. 细胞；电池；蜂房的巢室；单人小室 vi. 住在牢房或小室中,
256,central,英:/ˈsentrəl/ 美:/ˈsentrəl/,adj. 中心的；主要的；中枢的 n. 电话总机,
257,century,英:/'sentʃʊrɪ/ 美:/'sɛntʃəri/,n. 世纪，百年；（板球）一百分,
258,ceremony,英:/ˈserəməni/ 美:/ˈserəmoʊni/,n. 典礼，仪式；礼节，礼仪；客套，虚礼,
259,certain,英:/ˈsɜːtn/ 美:/ˈsɜːrtn/,adj. 肯定的，无疑的；有把握的；某事，某人，某种；某位；轻微的 pron. 某些，一些，若干,
260,chain,英:/tʃeɪn/ 美:/tʃeɪn/,n. 链；束缚；枷锁 vt. 束缚；囚禁；用铁链锁住,
261,chair,英:/tʃeə(r)/ 美:/tʃer/,n. 椅子；（会议的）主席位；大学教授的职位；讲座 vt. 使…入座；使就任要职；担任（会议的）主席,
262,chance,英:/tʃɑːns/ 美:/tʃæns/,n. 可能性；机会，际遇；运气，侥幸 vt. 偶然发生；冒……的险,
263,change,英:/tʃeɪn(d)ʒ/ 美:/tʃendʒ/,n. 变化；零钱 v. 改变,
264,character,英:/ˈkærəktə(r)/ 美:/ˈkærəktər/,n. 个性；品质；字符；人物；名誉；地位 adj. [剧](角色)代表某一特性的,
265,chase,英:/tʃeɪs/ 美:/tʃeɪs/,vt. 追逐；追捕；试图赢得；雕镂 vi. 追赶；追逐；奔跑,
266,cheap,英:/tʃiːp/ 美:/tʃip/,adj. 便宜的；[口]小气的；不值钱的 adv. 便宜地,
267,cheat,英:/tʃiːt/ 美:/tʃiːt/,vt. 欺骗；骗取 vi. 欺骗；作弊,
268,cheek,英:/tʃiːk/ 美:/tʃiːk/,n. 面颊，脸颊；[俚]臀部 vt. 无礼地向…讲话，对…大胆无礼,
269,cheese,英:/tʃiːz/ 美:/tʃiːz/,n. 奶酪；干酪；[美俚]要人 vt. [俚]停止,
270,chemical,英:/ˈkemɪkl/ 美:/ˈkemɪkl/,n. 化学制品，化学药品 adj. 化学的,
271,chest,英:/tʃest/ 美:/tʃest/,n. 胸，胸部；箱子；衣柜；金库,
272,chew,英:/tʃuː/ 美:/tʃuː/,n. 咀嚼；咀嚼物 vt. 嚼碎，咀嚼,
273,chicken,英:/'tʃɪkɪn/ 美:/'tʃɪkɪn/,n. 小鸡；鸡肉；胆小鬼，懦夫 adj. 鸡肉的；幼小的；胆怯的,
274,child,英:/tʃaɪld/ 美:/tʃaɪld/,n. 儿童，孩子；子孙；产物,
275,chin,英:/tʃɪn/ 美:/tʃɪn/,n. 下巴；聊天；引体向上动作 vt. 用下巴夹住；与…聊天；在单杠上作引体向上动作,
276,chocolate,英:/'tʃɒk(ə)lət/ 美:/'tʃɑklət/,n. 巧克力；巧克力糖；巧克力色 adj. 巧克力的；巧克力色的,
277,choice,英:/tʃɔɪs/ 美:/tʃɔɪs/,n. 选择；选择权；精选品 adj. 精选的；仔细推敲的,
278,church,英:/tʃɜːtʃ/ 美:/tʃɜːrtʃ/,n. 教堂；礼拜；教派 adj. 教会的；礼拜的,
279,cigaret,/ˌsiɡə'ret/,n. 香烟；纸烟（等于cigarette）,
280,cinema,英:/'sɪnɪmə/ 美:/'sɪnəmə/,n. 电影院；电影；电影业，电影制作术,
281,circle,英:/'sɜːk(ə)l/ 美:/'sɝkl/,n. 圆；圆形物；循环，周期；圈子 vi. 盘旋，旋转；环行,
282,circular,英:/ˈsɜːkjələ(r)/ 美:/ˈsɜːrkjələr/,adj. 圆形的；循环的；间接的 n. 通知，传单,
283,citizen,英:/ˈsɪtɪzn/ 美:/ˈsɪtɪzn/,n. 公民；市民；老百姓,
284,city,英:/'sɪtɪ/ 美:/'sɪti/,n. 城市，都市 adj. 都会的；城市的,
285,class,英:/klɑːs/ 美:/klæs/,n. 班级；阶级；种类 vt. 分类；把…分等级,
286,clay,英:/kleɪ/ 美:/kleɪ/,n. 泥土；粘土；肉体；似黏土的东西 vt. 用黏土处理,
287,clean,英:/kliːn/ 美:/klin/,adj. 清洁的，干净的；清白的 vt. 使干净,
288,clear,英:/klɪə(r)/ 美:/klɪr/,adj. 清楚的；清澈的；晴朗的；无罪的 vt. 清除；跳过；使干净；通过,
289,clever,英:/'klevə/ 美:/'klɛvɚ/,adj. 聪明的；机灵的；熟练的,
290,cliff,英:/klɪf/ 美:/klɪf/,n. 绝壁；悬崖,
291,climb,英:/klaɪm/ 美:/klaɪm/,vi. 攀登；爬；上升 vt. 攀登；爬；上升,
292,clock,英:/klɒk/ 美:/klɑːk/,n. 时钟；计时器 vt. 记录；记时,
293,close,英:/kləʊz/ 美:/kloʊz/,adj. 亲密的；亲近的；紧密的 vt. 关；结束；使靠近,
294,cloth,英:/klɒθ/ 美:/klɔːθ/,n. 布，织物；餐巾,
295,clothes,英:/kləʊðz/ 美:/kloʊðz/,n. 衣服,
296,clothing,英:/ˈkləʊðɪŋ/ 美:/ˈkloʊðɪŋ/,n. （总称）服装；[航海]帆装 v. 给…穿衣；覆盖（clothe的ing形式）,
297,cloud,英:/klaʊd/ 美:/klaʊd/,n. 云；云状物；一大群；阴云；黑斑 vt. 以云遮敝；使混乱；使忧郁；玷污,
298,club,英:/klʌb/ 美:/klʌb/,n. 俱乐部；社团；夜总会；（用作武器的）棍，棒；（纸牌中的）梅花 v.棒打，棒击,
299,coal,英:/kəʊl/ 美:/koʊl/,n. 煤；木炭 vt. 烧成炭；供应煤 vi. 加煤；装煤,
300,coast,英:/kəʊst/ 美:/kəʊst/,n. 海岸；海滨 v.（尤指不用动力向山坡下）滑行，惯性滑行；（不用多少动力）快速平稳地移动；不费力地取得成功；（做事）不出力；沿海岸航行,
301,coat,英:/kəʊt/ 美:/kot/,n. 外套 vt. 覆盖…的表面,
302,coffee,英:/'kɒfɪ/ 美:/'kɔfi/,n. 咖啡；咖啡豆；咖啡色,
303,coin,英:/kɔɪn/ 美:/kɔɪn/,n. 硬币 vt. 制造硬币 创造,
304,collar,英:/ˈkɒlə(r)/ 美:/ˈkɑːlər/,n. 衣领；颈圈 vt. 给…上领子；给…套上颈圈；[口]抓住,
305,collect,英:/kə'lekt/ 美:/kə'lɛkt/,vt. 收集；募捐 vi. 收集；聚集；募捐,
306,college,英:/'kɒlɪdʒ/ 美:/'kɑlɪdʒ/,n. 学院；学会；大学,
307,color,英:/ˈkʌlə(r)/ 美:/ˈkʌlər/,n. 颜色；脸色；肤色；颜料 vt. 给...涂颜色；粉饰；歪曲,
308,comb,英:/kəʊm/ 美:/koʊm/,n. 梳子；梳理；发卡；梳状物；鸡冠；蜂巢 v. 梳，梳理；认真搜寻，仔细搜查；梳理（羊毛、棉花等）,
309,combination,英:/ˌkɒmbɪˈneɪʃn/ 美:/ˌkɑːmbɪˈneɪʃn/,n. 结合；结合到一起的事物或人；密码,
310,come,英:/kʌm/ 美:/kʌm/,vi. 来；出现；到达；变成；开始；发生 vt. 做；假装；将满（…岁）,
311,comfort,英:/ˈkʌmfət/ 美:/ˈkʌmfərt/,n. 安慰；舒适；安慰者 vt. 安慰；使（痛苦等）缓和,
312,comfortable,英:/ˈkʌmftəbl/ 美:/ˈkʌmftəbl/,"adj. 安逸的, 使人舒服的 丰富的",
313,commit,英:/kəˈmɪt/ 美:/kəˈmɪt/,v. 犯罪；承诺；委托；托付,
314,committee,英:/kəˈmɪti/ 美:/kəˈmɪti/,n. 委员会,
315,common,英:/'kɒmən/ 美:/'kɑmən/,adj. 普通的；共同的；通常的；一般的 n. 平民；普通；公有地,
316,communicate,英:/kəˈmjuːnɪkeɪt/ 美:/kəˈmjuːnɪkeɪt/,"vt. & vi. 传达; 表达 vi. 通讯; 交际, 交流 相连; 相通",
317,company,英:/ˈkʌmpəni/ 美:/ˈkʌmpəni/,n. 公司；陪伴，同伴；连队 vi. 交往,
318,compare,英:/kəmˈpeə(r)/ 美:/kəmˈper/,vt. 比较；对照；比喻为 vi. 相比；比较,
319,comparison,英:/kəmˈpærɪsn/ 美:/kəmˈpærɪsn/,n. 比较；比喻,
320,compete,英:/kəmˈpiːt/ 美:/kəmˈpiːt/,vi. 竞争；比赛；对抗,
321,competition,英:/ˌkɒmpəˈtɪʃn/ 美:/ˌkɑːmpəˈtɪʃn/,n. 比赛 竞争,
322,competitor,英:/kəmˈpetɪtə(r)/ 美:/kəmˈpetɪtər/,"n. 竞争者,对手,敌手",
323,complain,英:/kəmˈpleɪn/ 美:/kəmˈpleɪn/,vi. 发牢骚；投诉；诉说 vt. 抱怨；控诉,
324,complaint,英:/kəmˈpleɪnt/ 美:/kəmˈpleɪnt/,n. 抱怨；疾病；诉苦；控告；投诉,
325,complete,英:/kəm'pliːt/ 美:/kəm'plit/,adj. 完全的；完整的；彻底的 vt. 完成,
326,completely,/kəm'pli:tli/,"adv. 完整地, 完全地",
327,complicated,英:/ˈkɒmplɪkeɪtɪd/ 美:/ˈkɑːmplɪkeɪtɪd/,adj. 结构复杂的,
328,computer,英:/kəmˈpjuːtə(r)/ 美:/kəmˈpjuːtər/,n. 电脑；计算机；电子计算机,
329,concern,英:/kənˈsɜːn/ 美:/kənˈsɜːrn/,vt. 涉及，关系到；使担心 n. 关心；关系；关心的事,
330,concerning,英:/kənˈsɜːnɪŋ/ 美:/kənˈsɜːrnɪŋ/,prep. 关于，涉及，就…而言,
331,concert,英:/'kɒnsət/ 美:/'kɑnsɚt/,n. 音乐会；和谐；一致 vt. 使协调；协同安排,
332,condition,英:/kənˈdɪʃn/ 美:/kənˈdɪʃn/,n. 条件；情况 v. 训练；决定；以 ... 为条件；护理（头发）,
333,confidence,英:/ˈkɒnfɪdəns/ 美:/ˈkɑːnfɪdəns/,"n. 信任；信心, 自信；知心话, 私房话",
334,confident,英:/ˈkɒnfɪdənt/ 美:/ˈkɑːnfɪdənt/,"adj. 确信的, 肯定的 有信心的, 自信的",
335,confuse,英:/kənˈfjuːz/ 美:/kənˈfjuːz/,vt. 使混乱；使困惑,
336,confusing,/kən'fju:ziŋ/,"adj. 莫名其妙的, 难以理解的",
337,connect,英:/kəˈnekt/ 美:/kəˈnekt/,vt. 连接；联合；关连 vi. 连接，连结；联合,
338,connection,英:/kəˈnekʃn/ 美:/kəˈnekʃn/,n. 联系；关系；连接；亲戚,
339,conscious,英:/ˈkɒnʃəs/ 美:/ˈkɑːnʃəs/,adj. 意识到的,
340,consider,英:/kənˈsɪdə(r)/ 美:/kənˈsɪdər/,vt. 认为；考虑；细想；考虑到 vi. 认为；考虑；细想,
341,consist,英:/kənˈsɪst/ 美:/kənˈsɪst/,vi. 组成；在于；符合,
342,contain,英:/kənˈteɪn/ 美:/kənˈteɪn/,vt. 包含；容纳；控制；牵制（敌军） vi. 含有；自制,
343,container,英:/kənˈteɪnə(r)/ 美:/kənˈteɪnər/,"n. 容器 集装箱, 货柜",
344,continue,英:/kən'tɪnjuː/ 美:/kən'tɪnju/,vi. 仍旧，连续；继续，延续 vt. 继续说…；使…继续；使…延长,
345,continuous,英:/kənˈtɪnjuəs/ 美:/kənˈtɪnjuəs/,adj. 连续的；继续的；连绵不断的,
346,contract,英:/ˈkɒntrækt/ 美:/ˈkɑːntrækt/,n. 合同；婚约；合约；契约 v. 缩小；订合同；缩短；感染（疾病）；招致,
347,control,英:/kənˈtrəʊl/ 美:/kənˈtroʊl/,n. 控制；管理；抑制；操纵装置 vt. 控制；管理；抑制,
348,conversation,英:/kɒnvə'seɪʃ(ə)n/ 美:/ˌkɑnvɚ'seʃən/,"n. 交谈, 谈话, 会话",
349,cook,英:/kʊk/ 美:/kʊk/,vt. 烹调，煮 vi. 烹调，做菜,
350,cool,英:/kuːl/ 美:/kʊl/,adj. 冷静的；凉爽的；[口]出色的 vt. 使…冷却；使…平静下来,
351,copy,英:/ˈkɒpi/ 美:/ˈkɑːpi/,vi. 复制；复印；抄袭 vt. 复制；复印；抄袭,
352,corn,英:/kɔːn/ 美:/kɔːrn/,n. （美）玉米；（英）谷物；鸡眼 vt. 腌；使成颗粒,
353,corner,英:/'kɔːnə/ 美:/'kɔrnɚ/,n. 角落，拐角处；困境，窘境；地区，偏僻处 vi. 相交成角；囤积,
354,correct,英:/kə'rekt/ 美:/kə'rɛkt/,vt. 改正；告诫 vi. 纠正错误；调整,
355,cost,英:/kɒst/ 美:/kɔːst/,vt. 花费；使付出；使花许多钱 n. 费用，代价，成本；损失,
356,cotton,英:/ˈkɒtn/ 美:/ˈkɑːtn/,n. 棉花；棉线；棉布 vi. 和谐；一致；理解；亲近,
357,cough,英:/kɔf/ 美:/kɔf/,n. 咳嗽，咳嗽声；咳嗽病 vt. 咳出,
358,could,英:/kʊd，kəd/ 美:/kʊd，kəd/,aux. 能够 v. 能（can的过去式）,
359,council,英:/ˈkaʊnsl/ 美:/ˈkaʊnsl/,n. 理事会；会议；委员会；顾问班子；地方议会,
360,count,英:/kaʊnt/ 美:/kaʊnt/,v. 数数；计算总数；把……算入，包括；重要；正式接纳；认为，看作 n. 总数；数数；量的计数；事项，罪状；观点；伯爵；（纱线的）支数,
361,country,英:/ˈkʌntri/ 美:/ˈkʌntri/,n. 国家；故乡 adj. 乡下的；粗野的,
362,countryside,英:/ˈkʌntrisaɪd/ 美:/ˈkʌntrisaɪd/,"n. 乡下, 农村",
363,courage,英:/ˈkʌrɪdʒ/ 美:/ˈkɜːrɪdʒ/,n. 勇气；胆量,
364,course,英:/kɔːs/ 美:/kɔːrs/,n. 进程；过程；道路；一道菜 vt. 跑过；追赶,
365,court,英:/kɔːt/ 美:/kɔːrt/,n. 法院；朝廷；球场；奉承 vt. 向…献殷勤；设法获得；招致（失败、危险等）,
366,cover,英:/ˈkʌvə(r)/ 美:/ˈkʌvər/,vt. 包括；涉及；采访，报导 n. 盖子；封面，封皮；掩蔽物,
367,cow,英:/kaʊ/ 美:/kaʊ/,n. 奶牛，母牛；母兽 vt. 威胁，恐吓,
368,crack,英:/kræk/ 美:/kræk/,vt. 使破裂；打开 vi. 爆裂；破裂 n. 裂缝，缝隙；噼啪声,
369,crash,英:/kræʃ/ 美:/kræʃ/,n. 碰撞；崩溃；坠落 vt. 破碎；撞碎；坠落,
370,crazy,英:/'kreɪzɪ/ 美:/'krezi/,adj. 疯狂的；狂热的，着迷的,
371,cream,英:/kriːm/ 美:/kriːm/,n. 奶油，乳脂；乳酪；精华；面霜,
372,creature,英:/ˈkriːtʃə(r)/ 美:/ˈkriːtʃər/,n. 动物，生物；人；创造物,
373,crime,英:/kraɪm/ 美:/kraɪm/,n. 罪行，犯罪；罪恶；犯罪活动 vt. 控告……违反纪律,
374,criminal,英:/ˈkrɪmɪnl/ 美:/ˈkrɪmɪnl/,n. 罪犯 adj. 犯罪的；刑事的；罪恶的,
375,criticism,英:/ˈkrɪtɪsɪzəm/ 美:/ˈkrɪtɪsɪzəm/,"n. 批评, 批判, 指责 评论, 评论文章",
376,criticize,英:/ˈkrɪtɪsaɪz/ 美:/ˈkrɪtɪsaɪz/,"vt.&vi.评论, 批评",
377,crop,英:/krɒp/ 美:/krɑːp/,n. 农作物；庄稼；产量；平头 vt. 种植；收割；修剪；剪短,
378,cross,英:/krɒs/ 美:/krɔs/,n. 十字架，十字形物；交叉，十字 vi. 交叉；横过；杂交,
379,crowd,英:/kraʊd/ 美:/kraʊd/,n. 群众，一伙；一堆，许多，大众 v. 拥挤，挤满，挤进,
380,cruel,英:/ˈkruːəl/ 美:/ˈkruːəl/,adj. 残酷的，残忍的；使人痛苦的,
381,crush,英:/krʌʃ/ 美:/krʌʃ/,vt. 压碎；弄皱，变形；使…挤入 vi. 挤；被压碎,
382,cry,英:/kraɪ/ 美:/kraɪ/,vt. 叫喊；哭出；大声说 n. 叫喊；叫声；口号；呼叫,
383,cup,英:/kʌp/ 美:/kʌp/,n. 杯子；奖杯；酒杯 vt. 使成杯状；为…拔火罐,
384,cupboard,英:/ˈkʌbəd/ 美:/ˈkʌbərd/,n. 食橱；碗柜,
385,cure,英:/kjʊə(r)/ 美:/kjʊr/,vt. 治愈；治疗；加工处理；使硫化 vi. 受治疗；痊愈；治病；被硫化；被加工处理,
386,curl,英:/kɜːl/ 美:/kɜːrl/,vt. 使…卷曲；使卷起来 vi. 卷曲；盘绕,
387,current,英:/ˈkʌrənt/ 美:/ˈkɜːrənt/,adj. 现在的；最近的；草写的；流通的，通用的 n. 趋势；涌流；（水，气，电）流,
388,curve,英:/kɜːv/ 美:/kɜːrv/,n. 曲线；弯曲；曲线球；曲线图表 vt. 使弯曲；弯,
389,custom,英:/ˈkʌstəm/ 美:/ˈkʌstəm/,n. 风俗；习俗；（个人的）习惯，习性，惯常行为；（顾客对商店的）惠顾，光顾 adj. 定做（制）的,
390,customer,英:/'kʌstəmə/ 美:/'kʌstəmɚ/,n. 顾客；[口]家伙,
391,cut,英:/kʌt/ 美:/kʌt/,n. 伤口；切口；削减；（服装等的）式样；[体育]削球；切入 vt. 切割；削减；缩短；刺痛,
392,daily,英:/ˈdeɪli/ 美:/ˈdeɪli/,adj. 每日的；日常的 n. 日报；[美口]朝来夜去的女佣,
393,damage,英:/ˈdæmɪdʒ/ 美:/ˈdæmɪdʒ/,vi. 损害；损毁；赔偿金 n. 损害；损毁,
394,dance,英:/dɑːns/ 美:/dæns/,n. 舞蹈；舞曲；舞会 vi. 跳舞；飘扬；跳跃,
395,danger,英:/ˈdeɪndʒə(r)/ 美:/ˈdeɪndʒər/,n. 危险；危险物，威胁,
396,dangerous,英:/ˈdeɪndʒərəs/ 美:/ˈdeɪndʒərəs/,"adj. 有危险的, 危险的",
397,dark,英:/dɑːk/ 美:/dɑrk/,adj. 黑暗的，深色的；无知的；模糊的；忧郁的 n. 黑暗；黄昏；模糊；夜,
398,daughter,英:/'dɔːtə/ 美:/'dɔtɚ/,n. 女儿；子代 adj. 女儿的；子代的,
399,day,英:/deɪ/ 美:/de/,n. 一天；白昼；时期 adv. 每天；经常在白天地,
400,dead,英:/ded/ 美:/dɛd/,adj. 无生命的；废弃了的；呆板的 adv. 完全地,
401,deal,英:/diːl/ 美:/diːl/,n. 协定；交易；大量 v. 应付；分配；处理；交易；经营,
402,death,英:/deθ/ 美:/deθ/,n. 死；死亡；死神；毁灭,
403,debt,英:/det/ 美:/det/,n. 债务；借款；罪过,
404,decay,英:/dɪˈkeɪ/ 美:/dɪˈkeɪ/,vi. 腐烂，腐朽；衰退，衰减 n. 衰退，衰减；腐烂，腐朽,
405,deceive,英:/dɪˈsiːv/ 美:/dɪˈsiːv/,v. 欺骗；行骗,
406,decide,英:/dɪ'saɪd/ 美:/dɪ'saɪd/,vt. 决定；判决；解决 vi. 决定，下决心,
407,decision,英:/dɪ'sɪʒ(ə)n/ 美:/dɪ'sɪʒn/,n. 决定，决心；决议,
408,decorate,英:/ˈdekəreɪt/ 美:/ˈdekəreɪt/,vt. 装饰；布置；授勋给 vi. 装饰；布置,
409,decoration,英:/ˌdekəˈreɪʃn/ 美:/ˌdekəˈreɪʃn/,"n. 装饰,装潢 装饰品 奖章,勋章",
410,decrease,英:/dɪˈkriːs/ 美:/dɪˈkriːs/,n. 减少，减小；减少量 vi. 减少，减小,
411,deep,英:/di:p/ 美:/dip/,n. 深处；深渊 adj. 深的；深奥的；低沉的,
412,defeat,英:/dɪˈfiːt/ 美:/dɪˈfiːt/,vt. 击败，战胜；使…失败；挫败 n. 失败；战胜,
413,defense,英:/dɪˈfens/ 美:/dɪˈfɛns/,n. 防卫，防护；防御措施；防守 vt. 谋划抵御,
414,defend,英:/dɪˈfend/ 美:/dɪˈfend/,vt. 防护；辩护 vi. 防守；保卫,
415,definite,英:/ˈdefɪnət/ 美:/ˈdefɪnət/,adj. 确切的；一定的,
416,degree,英:/dɪˈɡriː/ 美:/dɪˈɡriː/,n. 程度，等级；度；学位；阶层,
417,deliberate,英:/dɪˈlɪbərət/ 美:/dɪˈlɪbərət/,adj. 深思熟虑的；故意的；从容不迫的 v. 仔细考虑；研讨,
418,deliberately,英:/dɪˈlɪbərɪtlɪ/ 美:/dɪ'lɪbərətli/,"adv. 慎重地;谨慎地 故意地,蓄意地 从容不迫地,不慌不忙地",
419,deliver,英:/dɪˈlɪvə(r)/ 美:/dɪˈlɪvər/,vt. 发表；递送；释放；给予（打击）；交付；给…接生 vi. 传送；投递；履行；实现,
420,demand,英:/dɪˈmɑːnd/ 美:/dɪˈmænd/,vt. 要求；需要；查询 vi. 请求；查问；需要,
421,department,英:/dɪˈpɑːtmənt/ 美:/dɪˈpɑːrtmənt/,"n. 部, 部门, 系",
422,depend,英:/dɪ'pend/ 美:/dɪ'pɛnd/,vi. 依赖，依靠；相信，信赖；取决于,
423,dependent,英:/dɪˈpendənt/ 美:/dɪˈpendənt/,adj. 依靠的；依赖的；从属的,
424,depth,英:/depθ/ 美:/depθ/,n. 深度；深奥,
425,describe,英:/dɪˈskraɪb/ 美:/dɪˈskraɪb/,vt. 描述，形容；描绘,
426,description,英:/dɪˈskrɪpʃn/ 美:/dɪˈskrɪpʃn/,n. 描述；刻画；类型；说明书,
427,desert,英:/ˈdezət/ 美:/ˈdezərt/,vt. 遗弃；放弃；逃跑 vi. 遗弃；逃掉；开小差,
428,deserve,英:/dɪˈzɜːv/ 美:/dɪˈzɜːrv/,vi. 应受，应得 vt. 应受，应得,
429,design,英:/dɪˈzaɪn/ 美:/dɪˈzaɪn/,vt. 设计；计划；构思 n. 设计；图案,
430,desirable,英:/dɪˈzaɪərəbl/ 美:/dɪˈzaɪərəbl/,adj. 令人满意的；性感的；有吸引力的；值得的；令人向往的 n. 有吸引力的人或物,
431,desk,英:/desk/ 美:/desk/,n. 办公桌；服务台；编辑部；（美）讲道台；乐谱架 adj. 书桌的；桌上用的；伏案做的,
432,destroy,英:/dɪˈstrɔɪ/ 美:/dɪˈstrɔɪ/,vt. 毁坏；破坏；消灭,
433,destruction,英:/dɪˈstrʌkʃn/ 美:/dɪˈstrʌkʃn/,"n. 破坏, 毁灭, 消灭",
434,detail,英:/ˈdiːteɪl/ 美:/ˈdiːteɪl/,n. 细节，详情 vt. 详述；选派,
435,determination,英:/dɪˌtɜːmɪˈneɪʃn/ 美:/dɪˌtɜːrmɪˈneɪʃn/,n. 决心；测定；规定；(正式)决定；定位,
436,determined,英:/dɪˈtɜːmɪnd/ 美:/dɪˈtɜːrmɪnd/,adj. 坚定的；坚决的；果断的；确定的，既定的,
437,develop,英:/dɪ'veləp/ 美:/dɪ'vɛləp/,vt. 开发；使成长；进步；使显影 vi. 发育；生长；显露；进化,
438,dictionary,英:/'dɪkʃ(ə)n(ə)rɪ/ 美:/'dɪkʃə'nɛri/,"n. 词典, 字典",
439,die,英:/daɪ/ 美:/daɪ/,v. 死；枯竭；消失；渴望 n. 骰子；印模；金属模子,
440,difference,英:/'dɪf(ə)r(ə)ns/ 美:/'dɪfrəns/,n. 差异；不同；争执,
441,difficult,英:/'dɪfɪk(ə)lt/ 美:/'dɪfɪkəlt/,adj. 困难的；艰难的；(人)难对付的；不易相处的,
442,difficulty,英:/ˈdɪfɪkəlti/ 美:/ˈdɪfɪkəlti/,n. 困难；争议；麻烦,
443,dig,英:/dɪɡ/ 美:/dɪɡ/,vt. 挖，掘；探究 vi. 挖掘,
444,dinner,英:/'dɪnə/ 美:/'dɪnɚ/,n. 宴会；正餐；晚餐，晚宴,
445,direction,英:/dəˈrekʃn/ 美:/dəˈrekʃn/,n. 方向；指导；用法说明；趋势；目标；管理,
446,dirt,英:/dɜːt/ 美:/dɜːrt/,n. 污垢，泥土；灰尘，尘土；下流话,
447,dirty,英:/'dɜːtɪ/ 美:/'dɝti/,adj. 污秽的；下流的，卑鄙的；恶劣的；暗淡的 vi. 变脏,
448,disappoint,英:/ˌdɪsəˈpɔɪnt/ 美:/ˌdɪsəˈpɔɪnt/,v. 使失望；使破灭,
449,disappointing,英:/ˌdɪsəˈpɔɪntɪŋ/ 美:/ˌdɪsəˈpɔɪntɪŋ/,adj. 令人失望的,
450,discover,英:/dɪˈskʌvə(r)/ 美:/dɪˈskʌvər/,vt. 发现；发觉 vi. 发现,
451,discovery,英:/dɪˈskʌvəri/ 美:/dɪˈskʌvəri/,n. 发现 被发现的事物,
452,discuss,英:/dɪ'skʌs/ 美:/dɪ'skʌs/,vt. 讨论；论述，辩论,
453,discussion,英:/dɪ'skʌʃ(ə)n/ 美:/dɪ'skʌʃən/,"n. 讨论, 商讨",
454,dish,英:/dɪʃ/ 美:/dɪʃ/,n. 碟，盘；一道菜 vt. 把…装盘；使成碟状,
455,dismiss,英:/dɪsˈmɪs/ 美:/dɪsˈmɪs/,vt. 让...离开；开除；解散；解雇 vi. 解散,
456,distance,英:/ˈdɪstəns/ 美:/ˈdɪstəns/,n. 距离；远方；疏远；间隔 vt. 把…远远甩在后面；疏远,
457,distant,英:/ˈdɪstənt/ 美:/ˈdɪstənt/,adj. 遥远的；冷漠的；远隔的,
458,divide,英:/dɪˈvaɪd/ 美:/dɪˈvaɪd/,vt. 分开；划分；除；使产生分歧 vi. 分开；意见分歧,
459,do,英:/duː/ 美:/du/,n. 要求；规定；C大调音阶中的第一音 vt. 做；完成；进行；解答,
460,doctor,英:/'dɒktə/ 美:/'dɑktɚ/,n. 医生；博士 v. 篡改，伪造；将有害物掺入（食物或饮料）中；【非正式】阉割（动物）,
461,document,英:/ˈdɒkjumənt/ 美:/ˈdɑːkjumənt/,n. 文件，公文；文档；证件 vt. 用文件证明,
462,dog,英:/dɒg/ 美:/dɔɡ/,n. 狗；[美俚]丑女人；卑鄙的人；（俚）朋友 vt. 跟踪；尾随,
463,dollar,英:/ˈdɒlə(r)/ 美:/ˈdɑːlər/,n. 美元,
464,door,英:/dɔː/ 美:/dɔr/,n. 门；家，户；门口；通道,
465,double,英:/'dʌb(ə)l/ 美:/'dʌbl/,n. 两倍；[计]双精度型 adj. 两倍的；双重的,
466,doubt,英:/daʊt/ 美:/daʊt/,n. 怀疑；疑问；疑惑 v. 怀疑；不信；[古]恐怕；拿不准,
467,down,英:/daʊn/ 美:/daʊn/,adv. 向下，下去；在下面 adj. 向下的,
468,draw,英:/drɔː/ 美:/drɔː/,vt. 画；拉；吸引 vi. 拉；拖,
469,drawer,英:/drɔː(r)/ 美:/drɔːr/,n. 抽屉；开票人；出票人；起草者；酒馆侍,
470,dream,英:/driːm/ 美:/driːm/,vi. 做梦，梦见；梦想；想到 n. 梦；梦想，愿望,
471,dress,英:/dres/ 美:/drɛs/,vt. 给…穿衣 vi. 穿衣,
472,drink,英:/drɪŋk/ 美:/drɪŋk/,vt. 喝，饮；吸收；举杯庆贺 vi. 喝酒；饮水；干杯,
473,drive,英:/draɪv/ 美:/draɪv/,vi. 开车；猛击；飞跑 vt. 驾驶（马车，汽车等）；驱赶；推动，发动（机器等）,
474,drop,英:/drɒp/ 美:/drɑːp/,vt. 滴；使降低；随口漏出；使终止 vi. 终止；下降,
475,drug,英:/drʌɡ/ 美:/drʌɡ/,n. 毒品；药；滞销货；麻醉药 vt. 使服麻醉药；使服毒品；掺麻醉药于,
476,drum,英:/drʌm/ 美:/drʌm/,vt. 击鼓；大力争取 vi. 击鼓；大力争取,
477,drunk,英:/drʌŋk/ 美:/drʌŋk/,v. 喝酒（drink的过去分词） adj. 喝醉了的,
478,dry,英:/draɪ/ 美:/draɪ/,adj. 干的；口渴的；禁酒的；枯燥无味的 vt. 把…弄干,
479,duck,英:/dʌk/ 美:/dʌk/,n. 鸭子；鸭肉；（英）宝贝儿；[版]零分 vi. 闪避；没入水中,
480,dull,英:/dʌl/ 美:/dʌl/,adj. 钝的；呆滞的；阴暗的；迟钝的；无趣的 vt. 使阴暗；缓和；使迟钝,
481,during,英:/'djʊərɪŋ/ 美:/'dʊrɪŋ/,prep. 在…的时候，在…的期间,
482,dust,英:/dʌst/ 美:/dʌst/,n. 灰尘；尘埃；尘土 vt. 拂去灰尘；撒,
483,duty,英:/ˈdjuːti/ 美:/ˈduːti/,n. 责任；职务；关税,
484,each,英:/iːtʃ/ 美:/itʃ/,adj. 每；各自的 adv. 每个；各自,
485,eager,英:/ˈiːɡə(r)/ 美:/ˈiːɡər/,adj. 渴望的；热心的；热切的,
486,ear,英:/ɪə/ 美:/ɪr/,n. 耳朵；听觉；倾听；穗 vi. （美俚）听见；抽穗,
487,early,英:/ˈə:li/ 美:/ˈɚli/,adj. 早期的；早熟的 adv. 提早；在初期,
488,earn,英:/ɜːn/ 美:/ɜːrn/,vt. 获得，挣得；赚，赚得；博得；使得到,
489,earth,英:/ɜːθ/ 美:/ɝθ/,n. 地球；泥土；地线；尘世；陆地,
490,east,英:/iːst/ 美:/ist/,n. 东方；东方国家；东风 adj. 东方的；向东的；从东方来的,
491,eastern,英:/'iːst(ə)n/ 美:/'istɚn/,adj. 东方的；朝东的；东洋的 n. 东方人；（美国）东部地区的人,
492,easy,英:/'iːzɪ/ 美:/'izi/,adj. 容易的；舒适的 adv. 不费力地，从容地,
493,economic,英:/ˌiːkəˈnɒmɪk/ 美:/ˌiːkəˈnɑːmɪk/,adj. 经济的，经济上的；经济学的,
494,edge,英:/edʒ/ 美:/edʒ/,n. 边缘；刀刃；优势；锋利 vt. 使锐利；将…开刃；给…加上边,
495,educate,英:/ˈedʒukeɪt/ 美:/ˈedʒukeɪt/,vt. 教育；培养；训练 vi. 教育；训练,
496,educated,英:/'edjʊkeɪtɪd/ 美:/'ɛdʒə'ketɪd/,adj. 有教养的；受过教育的 v. 教导；训练；培育（educate的过去分词形式）,
497,education,英:/edjʊ'keɪʃ(ə)n/ 美:/ˌɛdʒu'keʃən/,"n. 教育; 培养, 训练",
498,effective,英:/ɪˈfektɪv/ 美:/ɪˈfektɪv/,"adj. 有效的; 生效的 事实上的, 实际的 给人印象深刻的",
499,effort,英:/ˈefət/ 美:/ˈefərt/,n. 成就；努力,
500,egg,英:/eg/ 美:/ɛɡ/,n. 蛋；卵子；[俚]家伙 vt. 煽动；怂恿,
501,eight,英:/eɪt/ 美:/eɪt/,num. 八个；八；第八 adj. 八的,
502,either,英:/'aɪðə/ 美:/'iðɚ/,adj. 两者之中任一的；两者之中每一的 prep. 任何一个,
503,elbow,英:/ˈelbəʊ/ 美:/ˈelboʊ/,n. 弯头；肘部；扶手 vt. 推挤；用手肘推开,
504,elect,英:/ɪˈlekt/ 美:/ɪˈlekt/,adj. 选出的；当选的；卓越的 n. 被选的人；特殊阶层；上帝的选民,
505,election,英:/ɪˈlekʃn/ 美:/ɪˈlekʃn/,n. 选举；当选；选择权；[宗]上帝的选拔,
506,electric,英:/ɪˈlektrɪk/ 美:/ɪˈlektrɪk/,adj. 电的；导电的；电动的；发电的；令人震惊的 n. [美口]电气车辆；电；带电体,
507,electricity,英:/ɪˌlekˈtrɪsəti/ 美:/ɪˌlekˈtrɪsəti/,"n. 电, 电流 热情, 紧张情绪",
508,electronic,英:/ɪˌlekˈtrɒnɪk/ 美:/ɪˌlekˈtrɑːnɪk/,adj. 电子的；电子学的,
509,else,英:/els/ 美:/ɛls/,adv. 另外；其他；否则 adj. 别的；其他的,
510,email,/'i:'meil/,vt. 发电子邮件；给……发电子邮件 n. 电子邮件，电子信函,
511,embarrass,英:/ɪmˈbærəs/ 美:/ɪmˈbærəs/,vt. 使窘迫；使尴尬；使为难 vi. 窘迫,
512,embarrassing,英:/ɪmˈbærəsɪŋ/ 美:/ɪm'bærəsɪŋ/,adj. 令人为难的；尴尬的,
513,emotion,英:/ɪˈməʊʃn/ 美:/ɪˈmoʊʃn/,n. 情感；情绪,
514,emphasize,英:/ˈemfəsaɪz/ 美:/ˈemfəsaɪz/,vt. 强调; 加强语气; 重读,
515,employ,英:/ɪmˈplɔɪ/ 美:/ɪmˈplɔɪ/,v. 雇佣；使用,
516,employer,英:/ɪmˈplɔɪə(r)/ 美:/ɪmˈplɔɪər/,n. 雇主，老板,
517,employment,英:/ɪmˈplɔɪmənt/ 美:/ɪmˈplɔɪmənt/,"n. 雇用, 就业 职业, 工作 使用, 运用 有益的活动",
518,empty,英:/ˈempti/ 美:/ˈempti/,adj. 空的；无意义的；徒劳的；无知的 vt. 使…成为空的；使失去,
519,enable,英:/ɪˈneɪbl/ 美:/ɪˈneɪbl/,vt. 使能够，使成为可能；授予权利或方法,
520,enclose,英:/ɪnˈkləʊz/ 美:/ɪnˈkloʊz/,vt. 围绕；装入；放入封套,
521,encourage,英:/ɪnˈkʌrɪdʒ/ 美:/ɪnˈkɜːrɪdʒ/,"vt. 鼓励, 激励 促进, 助长, 激发",
522,end,英:/end/ 美:/end/,n. 结束；末端；目标；死亡；尽头 vi. 结束，终止；终结,
523,enemy,英:/ˈenəmi/ 美:/ˈenəmi/,n. 敌人，仇敌；敌军 adj. 敌人的，敌方的,
524,energy,英:/ˈenədʒi/ 美:/ˈenərdʒi/,n. 精力；能量；活力；精神,
525,engineer,英:/ˌendʒɪˈnɪə(r)/ 美:/ˌendʒɪˈnɪr/,n. 工程师；工兵；火车司机 vt. 策划；设计；精明地处理,
526,enjoy,英:/ɪn'dʒɒɪ/ 美:/ɪn'dʒɔɪ/,vt. 喜爱；欣赏，享受；使过得快活,
527,enjoyable,英:/ɪnˈdʒɔɪəbl/ 美:/ɪnˈdʒɔɪəbl/,"adj. 愉快的,快乐的 adv. 愉快地,快乐地",
528,enjoyment,英:/ɪnˈdʒɔɪmənt/ 美:/ɪnˈdʒɔɪmənt/,"n. 愉快,欢乐,满意;令人愉快的事物",
529,enough,英:/ɪ'nʌf/ 美:/ɪ'nʌf/,adv. 足够地，充足地 n. 充足；很多,
530,enter,英:/'entə/ 美:/'ɛntɚ/,vt. 进入；开始；参加 vi. 进去；[戏]参加，登场,
531,entertain,英:/ˌentəˈteɪn/ 美:/ˌentərˈteɪn/,v. 娱乐；使有兴趣；招待；考虑；抱有；容纳,
532,entertainment,英:/ˌentəˈteɪnmənt/ 美:/ˌentərˈteɪnmənt/,n. 娱乐节目，娱乐活动；招待,
533,entrance,英:/ˈentrəns/ 美:/ˈentrəns/,n. 入口；进入 vt. 使出神，使入迷,
534,envelope,英:/ˈenvələʊp/ 美:/ˈenvəloʊp/,n. 信封，封皮；[生]包膜；[天]包层；[数]包迹,
535,environment,英:/ɪnˈvaɪrənmənt/ 美:/ɪnˈvaɪrənmənt/,"n. 环境, 周围状况, 自然环境",
536,equal,英:/ˈiːkwəl/ 美:/ˈiːkwəl/,adj. 相等的；胜任的；平等的 vt. 等于；比得上,
537,equipment,英:/ɪˈkwɪpmənt/ 美:/ɪˈkwɪpmənt/,"n. 设备; 装备; 配备 (工作必需的)知识, 技能",
538,escape,英:/ɪˈskeɪp/ 美:/ɪˈskeɪp/,vt. 逃避，避免；被忘掉 vi. 逃脱；避开；溜走,
539,especially,英:/ɪ'speʃ(ə)lɪ/ 美:/ɪ'spɛʃəli/,"adv. 尤其, 特别",
540,establish,英:/ɪˈstæblɪʃ/ 美:/ɪˈstæblɪʃ/,"vt. 建立, 成立 安置 确定, 证实",
541,etc,,adv. 等等，及其他,
542,even,英:/'iːv(ə)n/ 美:/'ivən/,adv. 甚至；正当；更；恰好 adj. 平坦的；平和的；偶数的；相等的 v. 使平坦；相等,
543,evening,英:/'iːv(ə)nɪŋ/ 美:/'ivnɪŋ/,n. 傍晚；晚上；后期；（联欢性的）晚会 adj. 在晚上的；为晚上的；晚上用的,
544,everyone,英:/'evrɪwʌn/ 美:/'ɛvrɪwʌn/,pron. 人人；每个人 n. 每个人,
545,everything,英:/'evrɪθɪŋ/ 美:/'ɛvrɪ'θɪŋ/,pron. 每件事，一切,
546,everywhere,英:/'evrɪweə/ 美:/'ɛvrɪwɛr/,"adv. 处处, 到处",
547,evil,英:/ˈiːvl/ 美:/ˈiːvl/,adj. 邪恶的；有害的；不幸的；讨厌的 n. 罪恶，邪恶；不幸,
548,exact,英:/ɪɡˈzækt/ 美:/ɪɡˈzækt/,adj. 精确的；准确的，精密的 vt. 强求；要求；急需,
549,examination,"英:/ɪg,zæmɪ'neɪʃ(ə)n/ 美:/ɪg'zæmə'neʃən/","n. 检查, 调查 考试; 考查; 试题 讯问",
550,examine,英:/ɪɡˈzæmɪn/ 美:/ɪɡˈzæmɪn/,vt. 调查；考试；检查；[计算机] 检测 vi. 检查；调查,
551,example,英:/ɪg'zɑːmp(ə)l/ 美:/ɪg'zæmpl/,n. 例子；榜样 vt. 作为…的例子；为…做出榜样,
552,excellent,英:/ˈeksələnt/ 美:/ˈeksələnt/,"adj. 优秀的, 卓越的, 杰出的",
553,except,英:/ɪk'sept/ 美:/ɪk'sɛpt/,"vt. 把…除外; 免除 prep. 除…外 EXCEPT“禁”门,“与非”门",
554,exchange,英:/ɪksˈtʃeɪndʒ/ 美:/ɪksˈtʃeɪndʒ/,n. 交换；兑换；交易所；交流 vt. 交换；交易；兑换,
555,excite,英:/ɪkˈsaɪt/ 美:/ɪkˈsaɪt/,vt. 刺激…，使…兴奋；激起 vi. 激动,
556,exciting,英:/ɪk'saɪtɪŋ/ 美:/ɪk'saɪtɪŋ/,adj. 使人激动的；令人兴奋的 v. 激动；唤起；刺激（excite的ing形式）,
557,exercise,英:/'eksəsaɪz/ 美:/'ɛksɚsaɪz/,n. 练习；运动；运用；操练；典礼；礼拜 vt. 练习；锻炼；使用；使忙碌；使惊恐,
558,existence,英:/ɪɡˈzɪstəns/ 美:/ɪɡˈzɪstəns/,"n. 存在 生存, 生活(方式)",
559,expect,英:/ɪkˈspekt/ 美:/ɪkˈspekt/,v. 预期；期待；盼望,
560,expensive,英:/ɪk'spensɪv/ 美:/ɪk'spɛnsɪv/,"adj. 昂贵的, 花钱多的",
561,experience,英:/ɪk'spɪərɪəns/ 美:/ɪk'spɪrɪəns/,n. 经验；经历 v. 经历；体验；感受,
562,explain,英:/ɪk'spleɪn/ 美:/ɪk'splen/,v. 说明，解释,
563,explanation,英:/ˌekspləˈneɪʃn/ 美:/ˌekspləˈneɪʃn/,"n. 解释, 说明 能说明某事缘由的言语、事实、情况等",
564,explode,英:/ɪkˈspləʊd/ 美:/ɪkˈsploʊd/,vi. 爆炸，爆发；激增 vt. 使爆炸；爆炸；推翻,
565,explosive,英:/ɪkˈspləʊsɪv/ 美:/ɪkˈsploʊsɪv/,"adj. 爆炸的, 爆发的 极易引起争论的 n. 爆炸物, 炸药",
566,express,英:/ɪkˈspres/ 美:/ɪkˈspres/,v.  表示；表露；表达（自己的思想感情）；【数】（用符号等）表示，代表；【美式】快递邮寄（或发送） n. 特快列车；【英式】快件服务；快递服务；快运服务 adj. 特快的；快速的；快递的；（愿望或目的）明确的；明白表示的 adv.  用快递方式,
567,expression,英:/ɪkˈspreʃn/ 美:/ɪkˈspreʃn/,n. 表示；表达；表露；表情；神色；词语；措辞；表达方式；（演奏乐曲、说话、表演等时流露的）感情，表情；【数】式；表达式,
568,extra,英:/ˈekstrə/ 美:/ˈekstrə/,adv. 特别地，非常；另外 n. 额外的事物；临时演员；号外；上等产品,
569,extreme,英:/ɪkˈstriːm/ 美:/ɪkˈstriːm/,adj. 极端的；极度的；偏激的；尽头的 n. 极端；末端；最大程度；极端的事物,
570,extremely,英:/ɪkˈstriːmli/ 美:/ɪkˈstriːmli/,adv. 极端;极其;非常,
571,eye,英:/aɪ/ 美:/aɪ/,n. 眼睛；视力；见解，观点；眼光 vt. 注视，看,
572,fact,英:/fækt/ 美:/fækt/,n. 事实；实际；真相,
573,factory,英:/ˈfæktri/ 美:/ˈfæktri/,n. 工厂；制造厂；代理店,
574,fail,英:/feɪl/ 美:/fel/,vi. 失败，不及格；衰退；缺乏；破产 vt. 不及格；忘记；使失望；舍弃,
575,fair,英:/feə(r)/ 美:/fer/,adj. 公平的；美丽的，白皙的；晴朗的 adv. 公平地；清楚地；直接地,
576,fairly,英:/ˈfeəli/ 美:/ˈferli/,adv. 公平地；相当地；简直,
577,faith,英:/feɪθ/ 美:/feɪθ/,n. 信心；信任；相信；宗教信仰,
578,faithful,英:/ˈfeɪθfl/ 美:/ˈfeɪθfl/,adj. 忠实的，忠诚的；如实的；准确可靠的,
579,fall,英:/fɔːl/ 美:/fɔːl/,vi. 落下；变成；来临；减弱 n. 秋天；瀑布；下降,
580,FALSE,英:/fɔːls/ 美:/fɔːls/,adj. 伪造的；错误的；虚伪的 adv. 欺诈地,
581,familiar,英:/fəˈmɪliə(r)/ 美:/fəˈmɪliər/,adj. 熟悉的；常见的；亲近的 n. 常客；密友,
582,family,英:/'fæməli/ 美:/ˈfæməli/,n. 家庭；家族；家属；亲属；子女；僚属 adj. 家庭的，家族的,
583,famous,英:/'feɪməs/ 美:/ˈfeɪməs/,adj. 著名的；[口]极好的，非常令人满意的,
584,far,英:/fɑː/ 美:/fɑr/,adv. 很；到很远的距离；遥远地；到很深的程度；久远地 adj. 远的；久远的,
585,farm,英:/fɑːm/ 美:/fɑrm/,vi. 种田，务农；经营农场 n. 农场；畜牧场；农家,
586,farmer,英:/ˈfɑːmə(r)/ 美:/ˈfɑːrmər/,n. 农夫，农民,
587,fashion,英:/ˈfæʃn/ 美:/ˈfæʃn/,n. 样式；时尚；时装；时髦人物 vt. 做成…的形状；使用；改变,
588,fashionable,英:/ˈfæʃnəbl/ 美:/ˈfæʃnəbl/,"adj. 流行的, 符合时尚的, 时髦的",
589,fast,英:/fɑːst/ 美:/fæst/,adj. 快速的，迅速的；紧的，稳固的 adv. 紧紧地；彻底地；迅速地,
590,fasten,英:/ˈfɑːsn/ 美:/ˈfæsn/,vt. 扎牢；使固定；集中于；强加于 vi. 扣紧；抓住；集中注意力,
591,fat,英:/fæt/ 美:/fæt/,adj. 肥的，胖的；丰满的；油腻的 n. 脂肪，肥肉,
592,father,英:/'fɑːðə/ 美:/'fɑðɚ/,n. 父亲，爸爸；神父；祖先；前辈 vt. 发明，创立；当…的父亲,
593,fault,英:/fɔːlt/ 美:/fɔːlt/,n. 故障；毛病；缺点；错误；[地]断层；（网球等）发球失误 vi. 弄错；[地]产生断层,
594,favorable,英:/ˈfeɪvərəbəl/ 美:/ˈfevərəbl/,adj. 有利的；顺利的；良好的；赞同的,
595,favorite,英:/ˈfeɪvərɪt/ 美:/ˈfeɪvərɪt/,adj. 特别受喜爱的 n. 特别喜爱的人（或事物）；受宠的人，得到偏爱的人，宠儿，亲信；（比赛中）被认为最有希望的获胜者；（取得职位等的）最有希望者,
596,fear,英:/fɪə/ 美:/fɪr/,n. 害怕；担心；恐惧；敬畏 vt. 害怕；敬畏；为…担心,
597,feather,英:/ˈfeðə(r)/ 美:/ˈfeðər/,n. 羽毛 vt. 用羽毛装饰,
598,feature,英:/ˈfiːtʃə(r)/ 美:/ˈfiːtʃər/,n. 容貌；特色，特征；特写或专题节目 vi. 起重要作用,
599,feed,英:/fiːd/ 美:/fid/,vt. 喂养；放牧；供给；抚养（家庭等）；靠…为生 vi. 吃东西；流入,
600,feel,英:/fiːl/ 美:/fil/,vt. 感觉；试探；触摸；认为 vi. 觉得；摸索,
601,feeling,英:/'fiːlɪŋ/ 美:/'filɪŋ/,n. 感觉，触觉；感情，情绪；同情 adj. 有同情心的；富于感情的；有感觉的,
602,female,英:/ˈfiːmeɪl/ 美:/ˈfiːmeɪl/,adj. 女性的；雌性的；柔弱的，柔和的 n. 女人；雌性动物,
603,fence,英:/fens/ 美:/fens/,n. 栅栏；围墙；剑术 vt. 防护；用篱笆围住；练习剑术,
604,fever,英:/ˈfiːvə(r)/ 美:/ˈfiːvər/,n. 发烧，发热；狂热 vt. 使发烧；使狂热；使患热病,
605,few,英:/fjuː/ 美:/fju/,adj. 很少的；几乎没有的 pron. 很少,
606,field,英:/fiːld/ 美:/fiːld/,n. 田；地；牧场，学科；界；领域，运动场 v. 组织参加；处理，应付（问题或意见）,
607,fight,英:/faɪt/ 美:/faɪt/,vi. 打架；打仗；搏斗，斗争 vt. 打架；与…打仗，与…斗争；反对…提案,
608,figure,英:/ˈfɪɡə(r)/ 美:/ˈfɪɡjər/,n. 图形；数字；（人的）体形；人物；画像；价格 vi. 出现；计算；扮演角色,
609,fill,英:/fɪl/ 美:/fɪl/,vt. 装满，使充满；满足；堵塞；任职 vi. 被充满，膨胀,
610,film,英:/fɪlm/ 美:/fɪlm/,n. 胶卷；电影；薄膜；轻烟 vt. 在…上覆以薄膜；把…拍成电影,
611,final,英:/ˈfaɪnl/ 美:/ˈfaɪnl/,adj. 最终的；决定性的；不可更改的 n. 决赛；期末考试；当日报纸的末版,
612,finally,英:/ˈfaɪnəli/ 美:/ˈfaɪnəli/,adv. 终于；最后；决定性地,
613,financial,英:/faɪˈnænʃl/ 美:/faɪˈnænʃl/,"adj. 财政的, 金融的",
614,find,英:/faɪnd/ 美:/faɪnd/,vt. 发现；认为；感到；获得 vi. 裁决,
615,fine,英:/faɪn/ 美:/faɪn/,adj. 好的；优良的；晴朗的；健康的；细小的，精美的 n. 罚款,
616,finger,英:/'fɪŋgə/ 美:/'fɪŋɡɚ/,n. 手指；指针，指状物 vt. 用手指拨弄；伸出,
617,finish,英:/ˈfɪnɪʃ/ 美:/ˈfɪnɪʃ/,vt. 完成；结束；用完 vi. 结束，终止；完成；终结,
618,firm,英:/fɜːm/ 美:/fɜːrm/,adj. 坚定的；结实的；牢固的；严格的 vt. 使牢固；使坚定,
619,first,英:/fɜːst/ 美:/fɝst/,adv. 第一；首先；优先；宁愿 n. 第一；开始；冠军,
620,fish,英:/fɪʃ/ 美:/fɪʃ/,vi. 捕鱼，钓鱼；用钩捞取 n. 鱼，鱼类,
621,fit,英:/fɪt/ 美:/fɪt/,vt. 安装；使……适应；使……合身；与……相符 vi. 适合；合身；符合，配合,
622,five,英:/faɪv/ 美:/faɪv/,n. 五，五个；[口]五美元钞票 num. 五，五个,
623,fix,英:/fɪks/ 美:/fɪks/,vt. 安装；修理；使固定；准备 vi. 固定；注视,
624,flag,英:/flæɡ/ 美:/flæɡ/,n. 旗帜，国旗；（体育运动的）信号旗，标志旗 v. 标示；疲乏，减弱；热情衰退；引起对……的注意；挥旗指示走某个方向,
625,flame,英:/fleɪm/ 美:/fleɪm/,n. 火焰；热情；光辉 v. 泛红；焚烧,
626,flash,英:/flæʃ/ 美:/flæʃ/,vt. 使闪光；反射 n. 闪光，闪现；一瞬间,
627,flat,英:/flæt/ 美:/flæt/,adj. 平坦的；单调的；浅的；扁平的 adv. 断然地；平直地,
628,flesh,英:/fleʃ/ 美:/fleʃ/,n. （人或动物的）肉；果肉；蔬菜的可食部分；（人体的）皮肤；肉体，肉欲（the flesh） v. 充实（计划、论据等的内容）,
629,flight,英:/flaɪt/ 美:/flaɪt/,n. 飞行；班机；逃走 vt. 使惊飞；射击,
630,float,英:/fləʊt/ 美:/floʊt/,vt. 使漂浮；实行 vi. 浮动；摇摆；飘动，散播；付诸实施,
631,flood,英:/flʌd/ 美:/flʌd/,v. 淹没；充满 n. 洪水,
632,floor,英:/flɔː/ 美:/flɔr/,n. 地板，地面；楼层；基底；议员席 vt. 铺地板；打倒，击倒；（被困难）难倒,
633,flour,英:/ˈflaʊə(r)/ 美:/ˈflaʊər/,n. （尤指小麦的）面粉；（谷物磨成的）粉 v. 在…上撒（或覆以）面粉,
634,flow,英:/fləʊ/ 美:/floʊ/,vi. 流动，涌流；飘扬；川流不息 vt. 淹没，溢过,
635,flower,英:/'flaʊə/ 美:/'flaʊɚ/,n. 花；精华；开花植物 vi. 开花；成熟，发育；繁荣；旺盛,
636,fold,英:/fəʊld/ 美:/foʊld/,vt. 折叠；合拢；抱住；笼罩 n. 折痕；羊栏；信徒,
637,fly,英:/flaɪ/ 美:/flaɪ/,vi. 飞；飘扬；驾驶飞机 vt. 飞行；使飘扬；飞越,
638,follow,英:/ˈfɒləʊ/ 美:/ˈfɑːloʊ/,vt. 跟随；追求；遵循；密切注意 vi. 跟随；接着,
639,food,英:/fuːd/ 美:/fud/,n. 食物；养料,
640,foot,英:/fʊt/ 美:/fʊt/,n. 脚；英尺；末尾；步调 vi. 步行；跳舞；总计,
641,football,英:/'fʊtbɔːl/ 美:/'fʊtbɔl/,n. 足球，橄榄球 vi. 踢足球；打橄榄球,
642,force,英:/fɔːs/ 美:/fɔːrs/,n. 武力；暴力；力量；影响力；力量大的人或（事物）；权力；（为某目的组织起来的）一群人；军队；部队；武装力量；警察部门；力；风力 v. 迫使；强迫；强制；使发生；强装（欢笑）；人工催长,
643,foreign,英:/ˈfɒrən/ 美:/ˈfɔːrən/,adj. 外国的；[医]异质的；不相关的；外交的,
644,foreigner,英:/'fɒrɪnə/ 美:/'fɔrənɚ/,n. 外国人；外人,
645,forest,英:/'fɒrɪst/ 美:/'fɔrɪst/,vt. 植树于，使成为森林 n. 森林,
646,forget,英:/fə'get/ 美:/fɚ'ɡɛt/,vt. 忘记；忽略 vi. 忘记,
647,forgive,英:/fəˈɡɪv/ 美:/fərˈɡɪv/,vt. 原谅；免除（债务、义务等） vi. 表示原谅,
648,fork,英:/fɔːk/ 美:/fɔrk/,n. 餐叉；叉；耙 vt. 叉起；使成叉状,
649,formal,英:/ˈfɔːml/ 美:/ˈfɔːrml/,adj. 正式的；拘谨的；有条理的 n. 正式的社交活动；夜礼服,
650,fortunate,英:/ˈfɔːtʃənət/ 美:/ˈfɔːrtʃənət/,"adj. 交好运的, 带来好运的; 幸运的",
651,four,英:/fɔː/ 美:/fɔr/,num. 四；四个 adj. 四的；四个的,
652,frame,英:/freɪm/ 美:/freɪm/,n. 框架；结构；画面 vt. 设计；陷害；建造；使…适合,
653,free,英:/friː/ 美:/friː/,adj. 自由的，不受约束的；免费的；游离的 vt. 使自由，解放；释放,
654,freedom,英:/ˈfriːdəm/ 美:/ˈfriːdəm/,n. 自由，自主；直率,
655,freeze,英:/friːz/ 美:/friːz/,vi. 僵硬；冻结；冷冻 vt. 使…冻住；使…结冰,
656,frequent,英:/ˈfriːkwənt/ 美:/ˈfriːkwənt/,adj. 时常发生的；频繁的；惯常的 vt. 常到，常去；时常出入于,
657,fresh,英:/freʃ/ 美:/frɛʃ/,adj. 新鲜的；无经验的；淡水的；清新的 n. 泛滥；开始；新生,
658,friend,英:/frend/ 美:/frend/,n. 朋友；赞助者；助手,
659,friendly,英:/'fren(d)lɪ/ 美:/'frɛndli/,adj. 友好的；亲切的；支持的；融洽的，和睦的 adv. 温和地；友善地,
660,frighten,英:/ˈfraɪtn/ 美:/ˈfraɪtn/,vt. 使惊吓；吓唬… vi. 害怕，惊恐,
661,frightening,英:/ˈfraɪtnɪŋ/ 美:/ˈfraɪtnɪŋ/,adj. 令人恐惧的；令人害怕的,
662,from,英:/frɒm/ 美:/frʌm/,prep. 来自，从；今后；由于,
663,front,英:/frʌnt/ 美:/frʌnt/,n. 前面；前线；正面 vt. 面对；朝向；对付,
664,fruit,英:/fruːt/ 美:/frut/,n. 水果；产物 vi. 结果实,
665,full,英:/fʊl/ 美:/fʊl/,adj. 完全的，完整的；满的，充满的；丰满的；丰富的；详尽的；完美的 adv. 完全地；十分，非常；整整,
666,fun,英:/fʌn/ 美:/fʌn/,n. 乐趣；玩笑；有趣的人或事 adj. 供娱乐用的,
667,fur,英:/fɜː(r)/ 美:/fɜːr/,n. 毛皮；皮，皮子；软毛 vt. 用毛皮覆盖；使穿毛皮服装,
668,furniture,英:/ˈfɜːnɪtʃə(r)/ 美:/ˈfɜːrnɪtʃər/,n. 家具；设备，装置；床罩；必要的附属品；【会计】家俬,
669,further,英:/ˈfɜːðə(r)/ 美:/ˈfɜːrðər/,adv. 更远地；进一步地；而且 adj. 更远的；深一层的,
670,future,英:/'fjuːtʃə/ 美:/'fjʊtʃɚ/,n. 未来；期货；前途；将来时 adj. 将来的，未来的,
671,gain,英:/ɡeɪn/ 美:/ɡeɪn/,n. 收获；增加；利润 vt. 获得；增加；赚到,
672,game,英:/geɪm/ 美:/ɡem/,n. 游戏；比赛 adj. 勇敢的,
673,garage,英:/ˈɡærɑːʒ/ 美:/ɡəˈrɑːʒ/,n. 车库；汽车修理厂；飞机库 vt. 把……送入车库,
674,garden,英:/ˈɡɑ:dn/ 美:/ˈɡɑrdn/,n. 菜园；花园 vt. 栽培花木,
675,gas,英:/ɡæs/ 美:/ɡæs/,n. 气体；汽油；毒气；瓦斯 vt. 毒（死）；加油,
676,gate,英:/ɡeɪt/ 美:/ɡeɪt/,n. 大门；出入口；门道 vt. 给…装大门,
677,gather,英:/ˈɡæðə(r)/ 美:/ˈɡæðər/,vt. 收集；使…聚集；收割；使…皱起 vi. 聚集；化脓；皱起,
678,general,英:/ˈdʒenərəl/ 美:/ˈdʒenərəl/,adj. 一般的，普通的；综合的；大体的 n. 将军，上将；一般；常规,
679,generally,英:/ˈdʒenrəli/ 美:/ˈdʒenrəli/,adv. 一般地；通常；普遍地,
680,generous,英:/ˈdʒenərəs/ 美:/ˈdʒenərəs/,adj. 慷慨的，大方的；宽宏大量的；有雅量的,
681,gentle,英:/ˈdʒentl/ 美:/ˈdʒentl/,adj. 温和的；文雅的 vt. 使温和，使驯服,
682,get,英:/ɡet/ 美:/ɡet/,v. 获得，得到；买到；挣得，赢得；收到，接到；（去）拿来，取来，叫来；捕获；抓获；到达，抵达；达到（某个阶段或者时间点）；处于（某种状态）；感染上；患上；得（病）,
683,gift,英:/gɪft/ 美:/ɡɪft/,n. 礼物；赠品；天赋 vt. 向…赠送；赋予,
684,girl,英:/gɜːl/ 美:/ɡɝl/,n. 女孩，姑娘；女儿；女朋友,
685,girlfriend,英:/'gɜːlfrend/ 美:/'ɡɝlfrɛnd/,n. 女朋友 女情人 女伴,
686,give,英:/gɪv/ 美:/ɡɪv/,vt. 给；授予；让步；产生；举办 n. 弹性；伸展性；弯曲,
687,glad,英:/glæd/ 美:/ɡlæd/,adj. 高兴的；乐意的；令人高兴的；灿烂美丽的 vt. [古]使高兴,
688,glass,英:/glɑːs/ 美:/ɡlæs/,n. 玻璃；镜子；玻璃制品 vt. 反映；给某物加玻璃,
689,glue,英:/ɡluː/ 美:/ɡluː/,vt. 粘合；似胶般固着于 n. 胶；各种胶合物,
690,go,英:/gəʊ/ 美:/ɡo/,vi. 走；趋于；达到；运转 n. 去；尝试；进行,
691,god,英:/ɡɒd/ 美:/ɡɑːd/,n. 神；（大写首字母时）上帝,
692,gold,英:/gəʊld/ 美:/ɡold/,n. 金，黄金；金币；金色 adj. 金的，金制的；金色的,
693,golf,英:/ɡɒlf/ 美:/ɡɑːlf/,n. 高尔夫球；高尔夫球运动 vi. 打高尔夫球,
694,good,英:/gʊd/ 美:/ɡʊd/,adj. 愉快的；好的；虔诚的；优良的 n. 好处；慷慨的行为；善行,
695,goodbye,/gʊd'baɪ/,int. 再见,
696,goods,英:/ɡʊdz/ 美:/ɡʊdz/,n. 商品；动产；合意的人；真本领,
697,govern,英:/ˈɡʌvn/ 美:/ˈɡʌvərn/,vt. 统治；支配；控制；管理 vi. 居支配地位；进行统治,
698,government,英:/ˈɡʌvənmənt/ 美:/ˈɡʌvərnmənt/,"n. 政府 治理的形式; 政体 治理, 统治",
699,graceful,英:/ˈɡreɪsfl/ 美:/ˈɡreɪsfl/,adj. 优美的；优雅的,
700,gradual,英:/ˈɡrædʒuəl/ 美:/ˈɡrædʒuəl/,adj. 逐渐的；平缓的 n. 弥撒升阶圣歌集,
701,grain,英:/ɡreɪn/ 美:/ɡreɪn/,n. 粮食；颗粒；谷物；纹理 vi. 成谷粒,
702,gram,/ɡræm/,n. 克；[植]鹰嘴豆（用作饲料）,
703,grammar,英:/ˈɡræmə(r)/ 美:/ˈɡræmər/,n. 语法；语法书,
704,grandmother,英:/ˈɡrænmʌðə(r)/ 美:/ˈɡrænmʌðər/,n. (外)祖母,
705,grandparent,英:/ˈɡrænpeərənt/ 美:/ˈɡrænperənt/,n. (外)祖父(母),
706,grass,英:/grɑːs/ 美:/ɡræs/,n. 草；草地，草坪 vt. 使……长满草；使……吃草；放牧,
707,grateful,英:/ˈɡreɪtfl/ 美:/ˈɡreɪtfl/,adj. 感谢的；令人愉快的，宜人的,
708,great,英:/greɪt/ 美:/ɡret/,adj. 伟大的，重大的；极好的，好的；主要的 n. 大人物；大师；伟人们,
709,green,英:/ɡriːn/ 美:/ɡriːn/,adj. 绿色的；青春的 n. 绿色；青春,
710,greet,英:/ɡriːt/ 美:/ɡriːt/,vt. 欢迎，迎接；致敬，致意；映入眼帘,
711,greeting,英:/ˈɡriːtɪŋ/ 美:/ˈɡriːtɪŋ/,n. 问候，招呼；祝贺 v. 致敬，欢迎（greet的现在分词）,
712,grey,英:/greɪ/ 美:/ɡre/,adj. 灰色的；灰白的 vt. 使变成灰色；使变老,
713,ground,英:/graʊnd/ 美:/ɡraʊnd/,n. 地面；土地；范围；战场 vt. 打基础；使搁浅；使接触地面,
714,group,英:/gruːp/ 美:/ɡrup/,n. 组；团体 adj. 群的；团体的,
715,grow,英:/ɡrəʊ/ 美:/ɡroʊ/,vi. 生长；发展；渐渐变得… vt. 种植；使生长；扩展,
716,growth,英:/ɡrəʊθ/ 美:/ɡroʊθ/,n. 生长；增长；发展；种植,
717,guard,英:/ɡɑːd/ 美:/ɡɑːrd/,n. 警戒；守卫；护卫队；防护装置 vi. 警惕,
718,guess,英:/ges/ 美:/ɡɛs/,vt. 猜测；推测；猜中；[美口]认为 vi. 推测；猜；猜中,
719,guest,英:/ɡest/ 美:/ɡɛst/,n. 客人，宾客；顾客 vt. 款待，招待,
720,guide,英:/gaɪd/ 美:/ɡaɪd/,n. 指南；向导；入门书 vt. 带领；引导；操纵,
721,guilty,英:/ˈɡɪlti/ 美:/ˈɡɪlti/,adj. 有罪的；内疚的,
722,gun,英:/ɡʌn/ 美:/ɡʌn/,n. 枪；炮；节流阀 vt. 枪击；打开节流阀 vi. 用枪打猎,
723,habit,英:/'hæbɪt/ 美:/'hæbɪt/,n. 习惯，习性；嗜好 vt. 使穿衣,
724,hair,英:/heə/ 美:/hɛr/,n. 头发；毛发；些微 vt. 除去…的毛发,
725,hall,英:/hɔːl/ 美:/hɔl/,n. 门厅，走廊；会堂；食堂；学生宿舍,
726,hammer,英:/ˈhæmə(r)/ 美:/ˈhæmər/,vi. 敲打；锤击；重复 n. 铁锤；锤骨；音锤；链球,
727,hand,英:/hænd/ 美:/hænd/,n. 手，手艺；指针；插手；帮助 vt. 搀扶；传递，交给；支持,
728,handle,英:/ˈhændl/ 美:/ˈhændl/,n. 柄；把手；手感；口实 vt. 买卖；处理；操作；触摸；运用,
729,hang,英:/hæŋ/ 美:/hæŋ/,v. 悬挂；(使)低垂；悬浮(在空中)；逗留；绞死 n. 悬挂方式；悬挂；绞刑,
730,happen,英:/ˈhæpən/ 美:/ˈhæpən/,vi. 发生；碰巧；偶然遇到,
731,happy,英:/ˈhæpi/ 美:/ˈhæpi/,adj. 高兴的；幸福的；巧妙的,
732,hard,英:/hɑːd/ 美:/hɑːrd/,adj. 困难的；硬的；猛烈的；确实的；努力的；辛苦的；冷酷无情的；严厉的 adv. 努力地；猛烈地；辛苦地；牢固地；接近地；困难地,
733,hardly,英:/'hɑːdlɪ/ 美:/'hɑrdli/,adv. 几乎不，简直不；刚刚,
734,harm,英:/hɑːm/ 美:/hɑːrm/,n. 伤害；损害 vt. 损害；伤害；危害,
735,harmful,英:/ˈhɑːmfl/ 美:/ˈhɑːrmfl/,adj. 能造成损害的；有害的,
736,hat,英:/hæt/ 美:/hæt/,n. 帽子 vt. 给……戴上帽子,
737,hate,英:/heɪt/ 美:/heɪt/,vt. 憎恨；厌恶；遗憾 vi. 仇恨,
738,hatred,英:/ˈheɪtrɪd/ 美:/ˈheɪtrɪd/,n. 憎恨；怨恨；敌意,
739,have,英:/hæv/ 美:/hæv/,vt. 有；让；从事；允许；拿 aux. 已经,
740,he,英:/hiː/ 美:/hi/,pron. 他；任何人 n. 男人；雄性动物,
741,head,英:/hed/ 美:/hed/,n. 头；上端；最前的部分；头痛；理解力 vt. 用头顶；作为…的首领；前进；站在…的前头；给…加标题,
742,health,英:/helθ/ 美:/hɛlθ/,n. 健康；兴旺；卫生；保健,
743,healthy,英:/'helθɪ/ 美:/'hɛlθi/,adj. 健康的，健全的；有益于健康的,
744,hear,英:/hɪə/ 美:/hɪr/,"vt. & vi. 听到, 听见 vt. 听说, 得知 听取; 审理",
745,heart,英:/hɑːt/ 美:/hɑrt/,n. 心脏；要点；感情；勇气；心形 vt. 鼓励；铭记,
746,heat,英:/hiːt/ 美:/hiːt/,n. 热度；高温；压力；热烈 vt. 把…加热；使激动,
747,heaven,英:/ˈhevn/ 美:/ˈhevn/,n. 天堂；天空；极乐,
748,heavy,英:/'hevɪ/ 美:/'hɛvi/,adj. 沉重的；繁重的，巨大的；阴沉的 n. 重物；严肃角色,
749,heel,英:/hiːl/ 美:/hiːl/,n. 脚后跟；踵 vt. 倾侧,
750,height,英:/haɪt/ 美:/haɪt/,n. 高度；高地；身高；顶点,
751,hello,英:/hə'ləʊ/ 美:/hə'lo/,int. 喂；哈罗 n. 表示问候， 惊奇或唤起注意时的用语,
752,help,英:/help/ 美:/hɛlp/,vt. 帮助；治疗；促进；补救 n. 帮助；帮忙者；补救办法；有益的东西,
753,helpful,英:/'helpfʊl/ 美:/'hɛlpfl/,adj. 有益的；有帮助的,
754,her,英:/hɜː(r)/ 美:/hɚ/,pron. 她的；她,
755,herb,英:/hɜːb/ 美:/ɜːrb/,n. 香草，药草,
756,here,英:/hɪə/ 美:/hɪr/,adv. 在这里；此时 int. 嘿！；喂！,
757,hers,英:/hɜːz/ 美:/hɝz/,pron. 她的（所有格）,
758,herself,英:/hɜː'self/ 美:/hɝ'sɛlf/,pron. 她自己（she的反身代词）；她亲自,
759,hide,英:/haɪd/ 美:/haɪd/,vt. 隐藏；隐瞒；鞭打 vi. 隐藏,
760,high,英:/haɪ/ 美:/haɪ/,adj. 高的；高级的；高音调的；崇高的 n. 高水平；天空；由麻醉品引起的快感；高压地带,
761,hill,英:/hɪl/ 美:/hɪl/,n. 小山；丘陵；斜坡；山冈,
762,him,英:/hɪm/ 美:/hɪm/,pron. 他（宾格）,
763,himself,英:/hɪm'self/ 美:/hɪm'sɛlf/,pron. 他自己；他亲自，他本人,
764,his,英:/hɪz/ 美:/hɪz/,pron. 他的,
765,historical,英:/hɪˈstɒrɪkl/ 美:/hɪˈstɔːrɪkl/,adj. 历史(学)的,
766,history,英:/'hɪst(ə)rɪ/ 美:/'hɪstri/,n. 历史，历史学；历史记录；来历,
767,hit,英:/hɪt/ 美:/hɪt/,vt. 袭击；碰撞；打击；偶然发现；伤…的感情 vi. 打击；打；碰撞；偶然碰上,
768,hold,英:/həʊld/ 美:/hoʊld/,vt. 持有；保存；拥有；拘留；约束或控制 vi. 持续；支持；有效,
769,hole,英:/həʊl/ 美:/hol/,n. 洞，孔；洞穴，穴；突破口 vi. 凿洞，穿孔；（高尔夫球等）进洞,
770,holiday,英:/ˈhɒlədeɪ/ 美:/ˈhɑːlədeɪ/,n. 假日；假期；节日（尤指宗教节日或国家庆典日）；节日假期 v. 度假；休假,
771,hollow,英:/ˈhɒləʊ/ 美:/ˈhɑːloʊ/,adj. 空的；空洞的；凹陷的；虚伪的；(声音)沉闷的 n. 山谷；洞；窟窿 vt. 挖空 vi. 形成空洞 adv. 完全地；彻底,
772,holy,英:/ˈhəʊli/ 美:/ˈhoʊli/,adj. 圣洁的，神圣的；至善的 n. 神圣的东西,
773,home,英:/həʊm/ 美:/hom/,n. 家，住宅；家乡；产地；避难所 adv. 在家，回家；深入地,
774,honest,英:/'ɒnɪst/ 美:/'ɑnɪst/,adj. 诚实的，实在的；可靠的；坦率的,
775,honor,英:/ˈɒnə(r)/ 美:/ˈɑːnər/,n. 信用；荣誉；头衔 vt. 给…以荣誉；尊敬（等于honour）,
776,hook,英:/hʊk/ 美:/hʊk/,n. 挂钩，吊钩 vt. 钩住；引上钩,
777,hope,英:/həʊp/ 美:/hop/,n. 希望；信心；期望 vt. 希望；期望,
778,hopeful,英:/ˈhəʊpfl/ 美:/ˈhoʊpfl/,adj. 有希望的；有前途的 n. 有希望成功的人,
779,horizontal,英:/ˌhɒrɪˈzɒntl/ 美:/ˌhɔːrɪˈzɑːntl/,"adj. 水平的, 与地平线平行的",
780,horn,英:/hɔːn/ 美:/hɔːrn/,n. 角；喇叭，号角 vt. 装角于,
781,horse,英:/hɔːs/ 美:/hɔrs/,n. 马；骑兵；脚架；[俚]海洛因 vt. 使骑马；系马于；[口]捉弄,
782,hospital,英:/'hɒspɪt(ə)l/ 美:/'hɑspɪtl/,n. 医院,
783,hot,英:/hɒt/ 美:/hɑt/,adj. 热的；辣的；热情的；激动的；紧迫的 adv. 热；紧迫地,
784,hotel,英:/həʊ'tel/ 美:/ho'tɛl/,n. 旅馆，饭店；客栈 vt. 使…在饭店下榻,
785,hour,英:/'aʊə/ 美:/'aʊɚ/,n. 小时；钟头；课时；…点钟,
786,house,英:/haʊs/ 美:/haʊs/,n. 住宅；家庭；某种用途的建筑物；机构；议会 vt. 给…房子住；把…储藏在房内；覆盖,
787,how,英:/haʊ/ 美:/haʊ/,adv. 多么；多少；如何 n. 方式；方法,
788,human,英:/'hjuːmən/ 美:/'hjumən/,adj. 人的；人类的 n. 人；人类,
789,humor,英:/ˈhju:mə/ 美:/ˈhjumɚ/,n. 幽默，诙谐；心情 vt. 迎合，迁就；顺应,
790,humorous,英:/ˈhjuːmərəs/ 美:/ˈhjuːmərəs/,adj. 诙谐的，幽默的；滑稽的，可笑的,
791,hundred,英:/'hʌndrəd/ 美:/'hʌndrəd/,n. 一百；许多 adj. 一百的；许多的,
792,hungry,英:/'hʌŋgrɪ/ 美:/'hʌŋɡri/,adj. 饥饿的；渴望的；荒年的；不毛的,
793,hunt,英:/hʌnt/ 美:/hʌnt/,v. 打猎；搜索；追捕 n. 搜寻；打猎,
794,hurry,英:/'hʌrɪ/ 美:/ˈhɜːri/,n. 匆忙，急忙 vt. 使赶紧；使匆忙，使急忙,
795,hurt,英:/hɜːt/ 美:/hɜːrt/,vt. 使受伤；使疼痛；使痛心；[口]损害 vi. 感到疼痛；带来痛苦；[口]有坏处,
796,husband,英:/ˈhʌzbənd/ 美:/ˈhʌzbənd/,n. 丈夫,
797,ice,英:/aɪs/ 美:/aɪs/,n. 冰；冰淇淋；矜持；（俚）钻石 vt. 冰镇；结冰,
798,if,英:/ɪf/ 美:/ɪf/,conj. （表条件）如果；（表假设）假如；是否；即使 n. 条件；设想,
799,ignore,英:/ɪɡˈnɔː(r)/ 美:/ɪɡˈnɔːr/,vt. 驳回诉讼，忽视，不理睬,
800,ill,英:/ɪl/ 美:/ɪl/,adj. 坏的；生病的；邪恶的；不吉利的 adv. 几乎不；不利地；恶劣地,
801,illegal,英:/ɪˈliːɡl/ 美:/ɪˈliːɡl/,adj. 非法的；违法的；违反规则的 n. 非法移民；间谍,
802,illness,英:/ɪlnɪs/ 美:/'ɪlnəs/,n. 疾病；病,
803,image,英:/ˈɪmɪdʒ/ 美:/ˈɪmɪdʒ/,n. 影像；肖像；想象；偶像 vt. 反映；象征；想象；作…的像,
804,imaginary,英:/ɪˈmædʒɪnəri/ 美:/ɪˈmædʒɪneri/,"adj. 想像中的, 假想的, 虚构的",
805,imagination,英:/ɪˌmædʒɪˈneɪʃn/ 美:/ɪˌmædʒɪˈneɪʃn/,"n. 想像力 空想, 想像 想像出来的东西, 幻想物",
806,imagine,英:/ɪˈmædʒɪn/ 美:/ɪˈmædʒɪn/,vt. 想像；猜想；臆断 vi. 想像；猜想；想像起来,
807,immediately,英:/ɪˈmiːdiətli/ 美:/ɪˈmiːdiətli/,"adv. 立即, 马上 直接地",
808,importance,英:/ɪmˈpɔːtns/ 美:/ɪmˈpɔːrtns/,n. 重要(性),
809,important,英:/ɪm'pɔːt(ə)nt/ 美:/ɪm'pɔrtnt/,"adj. 重要的, 重大的 有势力的, 有地位的",
810,improve,英:/ɪmˈpruːv/ 美:/ɪmˈpruːv/,vt. 改善，增进；提高…的价值 vi. 增加；变得更好,
811,improvement,英:/ɪmˈpruːvmənt/ 美:/ɪmˈpruːvmənt/,"n. 增加或修改 改进, 改善, 改良",
812,in,英:/ɪn/ 美:/ɪn/,prep. 在…之内；从事于；按照（表示方式） adv. 进入；在屋里；（服装等）时髦；当选,
813,include,英:/ɪn'kluːd/ 美:/ɪn'klud/,vt. 包含，包括,
814,including,英:/ɪnˈkluːdɪŋ/ 美:/ɪnˈkluːdɪŋ/,prep. 包括; 包含,
815,income,英:/ˈɪnkʌm/ 美:/ˈɪnkʌm/,n. 收入，收益；所得,
816,increase,英:/ɪnˈkriːs/ 美:/ɪnˈkriːs/,n. 增加，增长；提高 vi. 繁殖；增加，增大,
817,independent,英:/ˌɪndɪˈpendənt/ 美:/ˌɪndɪˈpendənt/,adj. 独立的；自主的；独自的；无偏见的 n. 无党派者；独立派人士,
818,indoor,英:/ˈɪndɔː(r)/ 美:/ˈɪndɔːr/,adj. 室内的，户内的,
819,industrial,英:/ɪnˈdʌstriəl/ 美:/ɪnˈdʌstriəl/,"adj. 工业的, 产业的 用于工业的",
820,industry,英:/ˈɪndəstri/ 美:/ˈɪndəstri/,n. 工业；产业；勤勉,
821,infect,英:/ɪnˈfekt/ 美:/ɪnˈfekt/,vt. 感染，传染,
822,infection,英:/ɪnˈfekʃn/ 美:/ɪnˈfekʃn/,n. 传染；传染病；影响,
823,infectious,英:/ɪnˈfekʃəs/ 美:/ɪnˈfekʃəs/,adj. 传染的；有感染力的,
824,influence,英:/ˈɪnfluəns/ 美:/ˈɪnfluəns/,v. 影响；感染；在(饮料)中加烈酒 n. 影响力；影响；权势；势力；有影响的人(或事物),
825,information,英:/ɪnfə'meɪʃ(ə)n/ 美:/'ɪnfɚ'meʃən/,"n. 消息; 资料; 情报 通知, 告知",
826,injure,英:/ˈɪndʒə(r)/ 美:/ˈɪndʒər/,vt. 伤害，损害,
827,injury,英:/ˈɪndʒəri/ 美:/ˈɪndʒəri/,n. 伤害，损害；受伤处,
828,ink,英:/ɪŋk/ 美:/ɪŋk/,vt. 涂墨水于；签署 n. 墨水，墨汁；油墨,
829,inner,英:/ˈɪnə(r)/ 美:/ˈɪnər/,adj. 内部的；内心的；精神的 n. 内部,
830,insect,英:/ˈɪnsekt/ 美:/ˈɪnsekt/,n. 昆虫；卑鄙的人,
831,inside,英:/ɪn'saɪd/ 美:/'ɪn'saɪd/,n. 内部；里面；内脏；内情 adj. 内部的；秘密的；里面的,
832,instead,英:/ɪn'sted/ 美:/ɪn'stɛd/,adv. 代替；反而,
833,instruction,英:/ɪnˈstrʌkʃn/ 美:/ɪnˈstrʌkʃn/,"n. 命令, 指示 讲授, 指导, 教学 使用说明书, 操作指南",
834,instrument,英:/ˈɪnstrəmənt/ 美:/ˈɪnstrəmənt/,n. 乐器；仪器；工具；器械；促成某事的人（或事物）；手段 v. 用器械（或仪器）装备；为管弦乐队编（曲）,
835,insult,英:/ɪnˈsʌlt/ 美:/ɪnˈsʌlt/,vt. 侮辱；辱骂；损害 n. 侮辱；凌辱；无礼,
836,insurance,英:/ɪnˈʃʊərəns/ 美:/ɪnˈʃʊrəns/,n. 保险；保险费；安全保障,
837,insure,英:/ɪnˈʃʊə(r)/ 美:/ɪnˈʃʊr/,vt. 确保，保证；给…保险 vi. 确保；投保,
838,intelligence,英:/ɪnˈtelɪdʒəns/ 美:/ɪnˈtelɪdʒəns/,"n. 智力, 智慧; 理解力 情报, 消息 情报人员",
839,intelligent,英:/ɪnˈtelɪdʒənt/ 美:/ɪnˈtelɪdʒənt/,adj. 聪明的; 理解力强的,
840,intend,英:/ɪnˈtend/ 美:/ɪnˈtend/,vt. 打算；意指；想要 vi. 有打算,
841,intention,英:/ɪnˈtenʃn/ 美:/ɪnˈtenʃn/,"n. 意图, 意向; 目的; 打算",
842,interest,英:/ˈɪntrəst/ 美:/ˈɪntrəst/,n. 兴趣，爱好；利息；趣味；同行 vt. 使……感兴趣；引起……的关心；使……参与,
843,interesting,英:/'ɪnt(ə)rɪstɪŋ/ 美:/'ɪntrəstɪŋ/,adj. 有趣的；引人入胜的,
844,international,英:/ˌɪntəˈnæʃnəl/ 美:/ˌɪntərˈnæʃnəl/,"adj. 国际的, 国际间进行的",
845,interrupt,英:/ˌɪntəˈrʌpt/ 美:/ˌɪntəˈrʌpt/,vt. & vi. 打断,
846,into,英:/'ɪntʊ/ 美:/'ɪntə/,prep. 到…里；深入…之中；成为…状况；进入到…之内,
847,introduce,英:/ˌɪntrəˈdjuːs/ 美:/ˌɪntrəˈduːs/,vt. 介绍；引进；采用；提出；提倡；放入,
848,introduction,英:/ˌɪntrəˈdʌkʃn/ 美:/ˌɪntrəˈdʌkʃn/,n. 介绍；引进；序言；导论,
849,invent,英:/ɪnˈvent/ 美:/ɪnˈvent/,vt. 发明；创造；虚构,
850,invitation,英:/ˌɪnvɪˈteɪʃn/ 美:/ˌɪnvɪˈteɪʃn/,n. 邀请；邀请函；招待；招致，引诱,
851,invite,英:/ɪn'vaɪt/ 美:/'ɪnvaɪt/,vt. 邀请，招待；招致 n. 邀请,
852,involve,英:/ɪnˈvɒlv/ 美:/ɪnˈvɑːlv/,vt. 包含；牵涉；使陷于；潜心于,
853,inward,英:/ˈɪnwəd/ 美:/ˈɪnwərd/,adj. 向内的；内部的；精神的；本质上的；[古]熟悉的 adv. 向内；内心里,
854,iron,英:/ˈaɪən/ 美:/ˈaɪərn/,"n. 铁 熨斗 镣铐 坚强, 刚强; 冷酷 vt. & vi. 熨平",
855,island,英:/'aɪlənd/ 美:/'aɪlənd/,n. 岛；岛屿；安全岛；岛状物 adj. 岛的,
856,it,英:/ɪt/ 美:/ɪt/,pron. 它,
857,its,英:/ɪts/ 美:/ɪts/,pron. 它的,
858,jacket,英:/'dʒækɪt/ 美:/'dʒækɪt/,n. 夹克；短上衣 vt. 给...穿夹克；给...装护套,
859,jaw,英:/dʒɔː/ 美:/dʒɔː/,n. 颌；下巴；狭窄入口；唠叨 vi. 教训；唠叨,
860,jewel,英:/ˈdʒuːəl/ 美:/ˈdʒuːəl/,n. 宝石；珠宝 vt. 镶以宝石；饰以珠宝,
861,jewelery,,n. 珠宝饰物，珠宝,
862,job,英:/dʒɒb/ 美:/dʒɑːb/,n. 工作；职业 vt. 代客买卖；承包,
863,join,英:/dʒɒɪn/ 美:/dʒɔɪn/,vt. 参加；连接；结合 vi. 参加；加入；结合,
864,joint,英:/dʒɔɪnt/ 美:/dʒɔɪnt/,n. 关节；接合处，接合点；接缝；（牛，羊等的腿）大块肉 adj. 联合的，合办的；共同的；连接的,
865,joke,英:/dʒəʊk/ 美:/dʒok/,n. 玩笑，笑话；笑柄 vt. 开…的玩笑,
866,journey,英:/'dʒɜːnɪ/ 美:/'dʒɝni/,n. 旅行；行程 vi. 旅行,
867,judgment,英:/ˈdʒʌdʒmənt/ 美:/ˈdʒʌdʒmənt/,n. 判断；裁判；判决书；辨别力,
868,judge,英:/dʒʌdʒ/ 美:/dʒʌdʒ/,vt. 判断；审判 n. 法官；裁判员,
869,juice,英:/dʒuːs/ 美:/dʒus/,n. 果汁；（水果）汁，液,
870,jump,英:/dʒʌmp/ 美:/dʒʌmp/,n. 跳跃；暴涨；惊跳 vt. 突升；使跳跃；跳跃；跳过,
871,just,英:/dʒʌst/ 美:/dʒʌst/,adv. 正好，恰好；只是，仅仅；刚才，刚刚；实在；刚要 adj. 公正的，合理的；应得的；正直的，正义的；公平的；正确的,
872,justice,英:/ˈdʒʌstɪs/ 美:/ˈdʒʌstɪs/,n. 正义；司法，法律制裁；法官，审判员,
873,keen,英:/kiːn/ 美:/kiːn/,adj. 敏锐的，敏捷的；热心的；锐利的；渴望的；强烈的 n. 痛哭，挽歌,
874,keep,英:/kiːp/ 美:/kip/,vt. 保持；遵守；经营；饲养 vi. 继续不断；保持,
875,key,英:/kiː/ 美:/kiː/,n. 钥匙；关键；（打字机等的）键 vt. 键入；调节…的音调；锁上；提供线索,
876,kick,英:/kɪk/ 美:/kɪk/,vt. 踢；反冲，朝后座 n. 踢；反冲，后座力,
877,kill,英:/kɪl/ 美:/kɪl/,vt. 杀死；扼杀；使终止；抵消 vi. 杀死,
878,kilo,英:/'kiːləʊ/ 美:/'kilo/,n. 千克；公里（等于kilogram）,
879,kilogram,/'kɪləɡræm/,n. 公斤；千克,
880,kilometer,"英:/ˈkiləˌmi:tə/ 美:/'kɪlə,mitɚ/",n. =kilometre 公里；千米(略作km),
881,kind,英:/kaɪnd/ 美:/kaɪnd/,n. 种类；性质 adj. 和蔼的；宽容的；令人感激的,
882,king,英:/kɪŋ/ 美:/kɪŋ/,n. 国王；最有势力者；王棋 vi. 统治；做国王,
883,kiss,英:/kɪs/ 美:/kɪs/,vt. 吻；（风等）轻拂 vi. 接吻；（风等）轻触,
884,kitchen,英:/'kɪtʃɪn/ 美:/'kɪtʃɪn/,n. 炊具；厨房；炊事人员,
885,knee,英:/niː/ 美:/niː/,n. 膝盖，膝 vt. 用膝盖碰,
886,kneel,英:/niːl/ 美:/niːl/,vi. 跪下，跪,
887,knife,英:/naɪf/ 美:/naɪf/,n. 刀；匕首 vt. 用刀切；（口）伤害,
888,knock,英:/nɒk/ 美:/nɑk/,vi. 敲；敲击；打 vt. 敲；敲击；打；批评,
889,knot,英:/nɒt/ 美:/nɑːt/,n. （绳等的）结；海里/小时（航速单位）；节瘤，疙瘩 vt. 打结,
890,know,英:/nəʊ/ 美:/no/,vt. 知道；认识；懂得 vi. 了解；熟悉；确信,
891,knowledge,英:/ˈnɒlɪdʒ/ 美:/ˈnɑːlɪdʒ/,"n. 了解, 理解 个人的知识[学识, 见闻] 学问",
892,lack,英:/læk/ 美:/læk/,vt. 缺乏；没有；需要；不足 vi. 缺乏；不足；没有,
893,lake,英:/leɪk/ 美:/lek/,n. 湖；湖泊 n. 深红色；[化]色淀,
894,lamb,英:/læm/ 美:/læm/,n. 羔羊，小羊；羔羊肉 vt. 生小羊，产羔羊,
895,lamp,英:/læmp/ 美:/læmp/,n. 灯；照射器 vt. 照亮,
896,land,英:/lænd/ 美:/lænd/,n. 陆地；地面；国土 v.（使）着陆，降落，靠岸；使陷于（困境）；成功得到，赢得,
897,language,英:/ˈlæŋɡwidʒ/ 美:/'læŋɡwɪdʒ/,n. 语言；语言文字；表达能力,
898,large,英:/lɑːdʒ/ 美:/lɑːrdʒ/,adj. 大的；广博的；多数的 adv. 夸大地；大大地,
899,last,英:/lɑːst/ 美:/læst/,n. 末尾，最后；上个；鞋楦（做鞋的模型） adj. 最后的；最近的，最新的；最不可能…的；仅剩的,
900,late,英:/leɪt/ 美:/leɪt/,adj. 迟的；晚的；已故的；最近的 adv. 晚；迟；在晚期；最近,
901,laugh,英:/lɑːf/ 美:/læf/,n. 笑；引人发笑的事或人 vi. 笑,
902,laughter,英:/ˈlɑːftə(r)/ 美:/ˈlæftər/,n. 笑声；笑,
903,law,英:/lɔː/ 美:/lɔː/,n. 法律；法学；诉讼；法治；司法界；规律 vi. 起诉；控告,
904,lawyer,英:/ˈlɔːjə(r)/ 美:/ˈlɔːjər/,n. 律师；法学家,
905,lay,英:/leɪ/ 美:/le/,v. 放置，安放，平放；提交，拟订（想法，建议）；下（蛋），产（卵）；为……打赌，下赌注；声称，声明；与（某人）发生性关系 v. 躺；平放；存在，在于（lie 的过去式形式） adj. 外行的，非专业的；（在教会等组织中）兼职的，客串的,
906,layer,英:/ˈleɪə(r)/ 美:/ˈleɪər/,n. 层，阶层；地层 vt. 用压条法培植；把...堆积成层,
907,lead,英:/liːd/ 美:/liːd/,n. 铅；领导；导线；榜样；石墨 vt. 领导；引导；指挥；致使,
908,leaf,英:/liːf/ 美:/lif/,n. 叶子；（书籍等的）一张；扇页 vi. 生叶；翻书页,
909,lean,英:/liːn/ 美:/liːn/,vi. 倾斜；倚靠；倾向；依赖 adj. 瘦的；贫乏的，歉收的,
910,learn,英:/lɜːn/ 美:/lɜːrn/,vt. 学习；认识到；得知 vi. 学习；获悉,
911,least,英:/liːst/ 美:/liːst/,adj. 最小的；最少的（little的最高级） adv. 最小；最少,
912,leather,英:/ˈleðə(r)/ 美:/ˈleðər/,n. 皮革；皮革制品 vt. 用皮革包盖；抽打,
913,leave,英:/liːv/ 美:/liv/,vt. 离开；留下；委托；遗忘 vi. 离开，出发；留下,
914,left,英:/left/ 美:/lɛft/,n. 左边；左派 adj. 左边的；左派的,
915,leg,英:/leg/ 美:/lɛɡ/,n. 腿；支柱,
916,legal,英:/ˈliːɡl/ 美:/ˈliːɡl/,adj. 法定的；法律的；合法的,
917,lend,英:/lend/ 美:/lend/,vt. 贷；增添，提供；把……借给 vi. 贷款,
918,length,英:/leŋθ/ 美:/leŋθ/,n. 长度，长；时间的长短；（语）音长,
919,less,英:/les/ 美:/lɛs/,adv. 较少地；较小地；更小地 adj. 较小的；较少的,
920,lesson,英:/'les(ə)n/ 美:/'lɛsn/,n. 课；教训 vt. 上课；教训,
921,letter,英:/ˈletə(r)/ 美:/ˈletər/,n. 字母，文字；信；字面意义；证书；文学，学问 vt. 写字母于,
922,let,英:/let/ 美:/let/,vt. 允许，让；出租；假设；妨碍 vi. 出租；被承包,
923,level,英:/ˈlevl/ 美:/ˈlevl/,n. 水平；水平面；标准 adj. 平坦的；水平的；同高的,
924,library,英:/'laɪbrərɪ/ 美:/'laɪbrɛri/,n. 图书馆，藏书室；文库,
925,lid,英:/lɪd/ 美:/lɪd/,n. 盖子；眼睑；限制 vt. 给…盖盖子,
926,lie,英:/laɪ/ 美:/laɪ/,v. 躺下；位于；在于；平放；存在；延伸；说谎 n. 谎言,
927,life,英:/laɪf/ 美:/laɪf/,n. 寿命；生活，生存,
928,lift,英:/lɪft/ 美:/lɪft/,vt. 举起；提升；空运；鼓舞；[口]抄袭 vi. 消散；升起；耸立,
929,light,英:/laɪt/ 美:/laɪt/,n. 光，光亮；灯 adj. 轻的；容易的；光亮的,
930,like,英:/laɪk/ 美:/laɪk/,v. 喜欢；想；希望 prep. 相似；类似；像 conj. 如同 adj. 类似的；相似的 n. 类似的人或物 adv. 【非正式】大概；可能,
931,likely,英:/ˈlaɪkli/ 美:/ˈlaɪkli/,adj. 很可能的；合适的；有希望的 adv. 很可能；或许,
932,limit,英:/ˈlɪmɪt/ 美:/ˈlɪmɪt/,n. 限度；限制；界线 vt. 限制；限定,
933,line,英:/laɪn/ 美:/laɪn/,n. 绳；排；路线，航线 vt. 划线于；排成一行；以线条标示；使…起皱纹,
934,lion,英:/'laɪən/ 美:/'laɪən/,n. 狮子；名人；勇猛的人；社交场合的名流,
935,lip,英:/lɪp/ 美:/lɪp/,n. 嘴唇；边缘 vt. 以嘴唇碰,
936,liquid,英:/ˈlɪkwɪd/ 美:/ˈlɪkwɪd/,adj. 液体的；清澈的；明亮的；易变的 n. 液体，流体；[语]流音,
937,list,英:/lɪst/ 美:/lɪst/,n. 列表；目录；清单 vi. 列于表上,
938,listen,英:/'lɪs(ə)n/ 美:/'lɪsn/,vi. 听，倾听；听从，听信 n. 听，倾听,
939,liter,英:/ˈliːtə(r)/ 美:/ˈliːtər/,n. 公升（容量单位）,
940,little,英:/ˈlitl/ 美:/ˈlɪtl/,adj. 小的；短暂的；很少的；小巧可爱的 adv. 完全不,
941,live,英:/lɪv/ 美:/lɪv/,adj. 活的；实况转播的；精力充沛的；生动的 vt. 经历；度过,
942,load,英:/ləʊd/ 美:/loʊd/,n. 负载，负荷；装载量；工作量 vi. 装货；装载；加载,
943,local,英:/'ləʊk(ə)l/ 美:/'lokl/,n. 当地居民；本地新闻；局部 adj. 局部的；当地的；地方性的；乡土的,
944,lock,英:/lɒk/ 美:/lɑk/,vt. 锁，锁上；隐藏 vi. 锁；锁住；卡住,
945,lonely,英:/'ləʊnlɪ/ 美:/'lonli/,adj. 寂寞的；偏僻的 n. 孤独者,
946,long,英:/lɒŋ/ 美:/lɔŋ/,n. 长时间；长音节 adj. 长的；做多头的；过长的,
947,look,英:/lʊk/ 美:/lʊk/,vt. 看；期待；注意；面向；看上去像 vi. 看；注意；面向；看起来,
948,loose,英:/luːs/ 美:/luːs/,adj. 不牢固的；不精确的；宽松的；散漫的 vt. 释放；开船；放枪,
949,lord,英:/lɔːd/ 美:/lɔːrd/,n. 上帝；主 int. 主，天啊,
950,lose,英:/luːz/ 美:/luz/,vt. 使沉溺于；浪费；遗失；使迷路；错过 vi. 失败；受损失,
951,loss,英:/lɒs/ 美:/lɔːs/,n. 遗失；亏损；失败；减少,
952,lot,英:/lɒt/ 美:/lɑːt/,n. 份额；许多；命运；阄 vt. 划分 adv. 很，非常,
953,loud,英:/laʊd/ 美:/laʊd/,adj. 大声的，高声的；不断的；喧吵的 adv. 大声地，高声地，响亮地,
954,love,英:/lʌv/ 美:/lʌv/,n. 恋爱；酷爱；亲爱的；喜爱的事物 vt. 热爱；喜欢；爱慕,
955,low,英:/ləʊ/ 美:/loʊ/,adj. 低的，浅的；粗俗的；卑贱的；消沉的 adv. 谦卑地，低下地；低声地,
956,lower,英:/ˈləʊə(r)/ 美:/ˈloʊər/,vt. 放下，降下；减弱，减少；贬低 vi. 降低；跌落；减弱,
957,loyal,英:/ˈlɔɪəl/ 美:/ˈlɔɪəl/,adj. 忠诚的，忠心的；忠贞的 n. 效忠的臣民；忠实信徒,
958,loyalty,英:/ˈlɔɪəlti/ 美:/ˈlɔɪəlti/,n. 忠心；忠诚；忠实,
959,luck,英:/lʌk/ 美:/lʌk/,n. 运气；幸运；带来好运的东西 vi. 靠运气，走运；凑巧碰上,
960,lucky,英:/'lʌkɪ/ 美:/'lʌki/,adj. 幸运的；侥幸的,
961,lung,英:/lʌŋ/ 美:/lʌŋ/,n. 肺；呼吸器,
962,machine,英:/məˈʃiːn/ 美:/məˈʃiːn/,n. 机械，机器；机械般工作的人；机构 vt. 用机器制造,
963,machinery,英:/məˈʃiːnəri/ 美:/məˈʃiːnəri/,"n. (总称)机器 体系, 机构",
964,mad,英:/mæd/ 美:/mæd/,adj. 疯狂的；愚蠢的；着迷的；发疯的 n. 狂怒,
965,magazine,英:/mægə'ziːn/ 美:/'mæɡəzin/,n. 杂志；弹药库；胶卷盒,
966,magic,英:/ˈmædʒɪk/ 美:/ˈmædʒɪk/,n. 巫术，魔法，戏法 adj. 不可思议的，有魔力的，魔术的,
967,main,英:/meɪn/ 美:/meɪn/,n. 主要部分，要点；体力；总管道 adj. 主要的，最重要的；全力的,
968,make,英:/meɪk/ 美:/meɪk/,v. 做；制造；使得；赚（钱）；成功；达成 n. 性格；式样；制造；生产量,
969,male,英:/meɪl/ 美:/meɪl/,adj. 雄性的；男性的；有力的 n. 男人；雄性动物,
970,man,英:/mæn/ 美:/mæn/,n. 男人；人；男子汉；情人；强者；下属 v. 使...振奋；为...配备人手,
971,manage,英:/ˈmænɪdʒ/ 美:/ˈmænɪdʒ/,vt. 管理；经营；设法；控制 vi. 处理；应付过去,
972,manager,英:/ˈmænɪdʒə(r)/ 美:/ˈmænɪdʒər/,n. 经理；管理人员,
973,manner,英:/ˈmænə(r)/ 美:/ˈmænər/,n. 方式；习惯；种类；规矩；风俗,
974,many,英:/'menɪ/ 美:/'mɛni/,pron. 许多；许多人 adj. 许多的,
975,map,英:/mæp/ 美:/mæp/,vt. 绘制地图；映射；计划；[生物]确定基因在染色体中的位置 n. 地图；示意图；染色体图,
976,march,英:/mɑːtʃ/ 美:/mɑːrtʃ/,n. 行军，进军；三月（March） v. 齐步走；行进；游行示威,
977,mark,英:/mɑːk/ 美:/mɑːrk/,n. 马克；符号；痕迹；标志 vi. 作记号,
978,market,英:/ˈmɑːkɪt/ 美:/ˈmɑːrkɪt/,n. 集市；市场；商店；销路；股票市场；行情；市面 vt. 在市场上出售,
979,marriage,英:/ˈmærɪdʒ/ 美:/ˈmærɪdʒ/,n. 结婚；婚姻生活；密切结合，合并,
980,married,英:/ˈmærid/ 美:/ˈmærid/,adj. 已婚的，有配偶的；婚姻的，夫妇的；密切结合的 n. 已婚者,
981,marry,英:/'mærɪ/ 美:/'mæri/,vt. 娶；嫁；与……结婚 vi. 结婚,
982,mass,英:/mæs/ 美:/mæs/,n. 大量，众多；群众，民众；块，团 adj. 大规模的，集中的；群众的，民众的,
983,match,英:/mætʃ/ 美:/mætʃ/,vt. 使相配；与…竞争；相配；使比赛；敌得过，比得上 vi. 相配，相称；比赛；匹配；相比,
984,material,英:/məˈtɪəriəl/ 美:/məˈtɪriəl/,adj. 物质的，实质性的；重要的；肉体的 n. 材料，原料；物资；布料,
985,mathematics,英:/ˌmæθəˈmætɪks/ 美:/ˌmæθəˈmætɪks/,n. 数学,
986,matter,英:/ˈmætə(r)/ 美:/ˈmætər/,n. 物质；事件；原因 vi. 要紧；有关系,
987,may,英:/meɪ/ 美:/me/,aux. 可能，可以；愿意,
988,me,英:/miː/ 美:/mi/,pron. 我(宾格),
989,meal,英:/miːl/ 美:/mil/,n. 一餐，一顿饭；膳食 vi. 进餐,
990,meaning,英:/ˈmiːnɪŋ/ 美:/ˈmiːnɪŋ/,n. 意义；含义；意图 adj. 意味深长的,
991,means,英:/miːnz/ 美:/miːnz/,n. 方法；手段；财产（mean的复数） v. 意思是；打算（mean的第三人称单数）,
992,measure,英:/ˈmeʒə(r)/ 美:/ˈmeʒər/,n. 措施；程度；测量；尺寸 vt. 测量；估量；权衡,
993,measurement,英:/'meʒəm(ə)nt/ 美:/'mɛʒɚmənt/,n. 测量，测量法；尺寸，尺码；大小；衡量；三围,
994,meat,英:/miːt/ 美:/mit/,n. 肉，肉类（食用）,
995,medical,英:/'medɪk(ə)l/ 美:/'mɛdɪkl/,adj. 医学的；内科的；药的 n. 医生；体格检查,
996,medicine,英:/'meds(ə)n/ 美:/'mɛdsn/,n. 药；医学；内科；巫术 vt. 给…用药；用药物治疗,
997,meeting,英:/'miːtɪŋ/ 美:/'mitɪŋ/,n. 会议；集会；会见；汇合点 v. 会面；会合（meet的ing形式）,
998,melt,英:/melt/ 美:/melt/,vi. 熔化，溶解；渐混 vt. 使软化；使融化；使熔化；使感动,
999,member,英:/ˈmembə(r)/ 美:/ˈmembər/,n. 成员；会员；议员,
1000,memory,英:/ˈmeməri/ 美:/ˈmeməri/,n. 记忆，记忆力；回忆；内存，存储器,
1001,mental,英:/ˈmentl/ 美:/ˈmentl/,adj. 精神的；脑力的；疯的 n. 精神病患者,
1002,mention,英:/'menʃ(ə)n/ 美:/'mɛnʃən/,vt. 说起；提到，谈到；提及，论及 n. 提及，说起,
1003,message,英:/'mesɪdʒ/ 美:/'mɛsɪdʒ/,n. 消息；预言；启示；广告词；差使 vi. 报信，报告；报文,
1004,meter,英:/ˈmiːtə(r)/ 美:/ˈmiːtər/,n. 公尺；仪表；韵律；米 vt. 用仪表测量 vi. 用表计量,
1005,method,英:/ˈmeθəd/ 美:/ˈmeθəd/,n. 方法；条理；[计]类函数 adj. 使用体验派表演方法的,
1006,middle,英:/'mɪd(ə)l/ 美:/'mɪdl/,adj. 中间的，中部的；中级的，中等的 n. 中间，中央；腰部,
1007,might,英:/maɪt/ 美:/maɪt/,aux. 可能；也许；may的过去式 n. 威力；力量,
1008,mile,英:/maɪl/ 美:/maɪl/,n. 英里；一英里赛跑；较大的距离,
1009,military,英:/ˈmɪlətri/ 美:/ˈmɪləteri/,adj. 军事的；军人的；适于战争的 n. 军队；军人,
1010,milk,英:/mɪlk/ 美:/mɪlk/,n. 牛奶；乳状物 vt. 榨取；挤…的奶,
1011,million,英:/ˈmɪljən/ 美:/ˈmɪljən/,n. 百万；无数 adj. 百万的；无数的,
1012,mind,英:/maɪnd/ 美:/maɪnd/,n. 智力；理智，精神；意见；记忆力 vt. 介意；专心于；照料,
1013,mine,英:/maɪn/ 美:/maɪn/,n. 矿山，矿井；矿，矿藏；地雷，水雷 v.（在某地）开矿，采矿；埋雷于；布雷于；用雷炸毁（车辆） pron. 我的（第一人称单数所有格代词）,
1014,mineral,英:/ˈmɪnərəl/ 美:/ˈmɪnərəl/,n. 矿物；[化]无机物；（英）矿泉水；苏打水（常用复数表示） adj. 矿物的；矿质的,
1015,minister,英:/ˈmɪnɪstə(r)/ 美:/ˈmɪnɪstər/,n. 部长；大臣；牧师 vi. 执行牧师职务；辅助或伺候某人,
1016,minute,英:/'mɪnɪt/ 美:/'mɪnɪt/,n. 片刻，一会儿；分，分钟；备忘录，笔记；会议记录 vt. 将…记录下来,
1017,mirror,英:/ˈmɪrə(r)/ 美:/ˈmɪrər/,n. 镜子；真实的写照；榜样 vt. 反映；反射,
1018,miss,英:/mɪs/ 美:/mɪs/,vt. 漏掉，错过，想念,
1019,mist,英:/mɪst/ 美:/mɪst/,n. 薄雾；视线模糊不清；模糊不清之物 vi. 下雾；变模糊,
1020,mistake,英:/mɪ'steɪk/ 美:/mɪ'stek/,n. 错误；误会；过失 vt. 误解；弄错,
1021,mix,英:/mɪks/ 美:/mɪks/,vt. 使混和；配制；混淆；使结交 vi. 相混合；交往；参与,
1022,mixture,英:/ˈmɪkstʃə(r)/ 美:/ˈmɪkstʃər/,n. 混合；混合物；混合剂,
1023,model,英:/ˈmɒdl/ 美:/ˈmɑːdl/,n. 模型；模范；模特儿；典型；样式 vt. 模仿；模拟；塑造,
1024,moment,英:/ˈməʊmənt/ 美:/ˈmoʊmənt/,n. 瞬间；重要时刻；指定时刻；重要，契机,
1025,money,英:/ˈmʌni/ 美:/ˈmʌni/,n. 钱；货币；财富,
1026,monkey,英:/'mʌŋkɪ/ 美:/'mʌŋki/,n. 猴子；顽童 vi. 捣蛋；胡闹,
1027,month,英:/mʌnθ/ 美:/mʌnθ/,n. 月，一个月的时间,
1028,moon,英:/muːn/ 美:/mun/,n. 月亮；月球；月光；卫星 vi. 闲荡；出神,
1029,more,英:/mɔː/ 美:/mɔr/,adv. 更多；更大程度地；此外 adj. 更多的；附加的,
1030,morning,英:/'mɔːnɪŋ/ 美:/'mɔrnɪŋ/,n. 早晨；[诗]初期；黎明,
1031,most,英:/məʊst/ 美:/most/,adv. 最；最多；非常，极其；几乎 adj. 最多的；大部分的，多数的,
1032,mother,英:/'mʌðə/ 美:/'mʌðɚ/,n. 母亲；大娘；女修道院院长 vt. 生下；养育；像母亲般关怀或照管,
1033,motor,英:/ˈməʊtə(r)/ 美:/ˈmoʊtər/,n. 发动机，马达；汽车 adj. 机动的；汽车的,
1034,mouse,英:/maʊs/ 美:/maʊs/,n. 鼠标；老鼠；胆小羞怯的人 vt. 探出,
1035,mouth,英:/maʊθ/ 美:/maʊθ/,n. 口，嘴；河口 vt. 做作地说，装腔作势地说；喃喃地说出,
1036,move,英:/muːv/ 美:/muv/,n. 迁居；步骤；移动 vi. 移动；搬家，迁移；离开,
1037,movement,英:/ˈmuːvmənt/ 美:/ˈmuːvmənt/,n. 运动；乐章；活动；运转,
1038,mud,英:/mʌd/ 美:/mʌd/,n. 泥；泥浆；诽谤 vt. 弄脏；抹泥,
1039,multiply,英:/ˈmʌltɪplaɪ/ 美:/ˈmʌltɪplaɪ/,vt. 乘；使相乘；使增加；使繁殖 vi. 繁殖；增加；乘,
1040,muscle,英:/ˈmʌsl/ 美:/ˈmʌsl/,n. 肌肉；力量 vt. 加强；使劲搬动；使劲挤出,
1041,musician,英:/mjuː'zɪʃ(ə)n/ 美:/mjʊ'zɪʃən/,n. 音乐家,
1042,must,英:/mʌst/ 美:/məst/,aux. 必须，一定；很可能；可以，应当 n. 绝对必要的事物；未发酵葡萄汁,
1043,my,英:/maɪ/ 美:/maɪ/,pron. 我的 int. 哎呀（表示惊奇等）；喔唷,
1044,mysterious,英:/mɪˈstɪəriəs/ 美:/mɪˈstɪriəs/,adj. 神秘的; 难以理解的 诡秘的,
1045,mystery,英:/ˈmɪstri/ 美:/ˈmɪstəri/,n. 神秘，秘密；神秘的事物；奥秘,
1046,nail,英:/neɪl/ 美:/neɪl/,vt. 钉；揭露；使固定 n. 指甲；钉子,
1047,name,英:/neɪm/ 美:/nem/,n. 名称；姓名；名义；名誉；名人 v. 命名；取名；说出( ... 的名字) adj. 著名的,
1048,narrow,英:/ˈnærəʊ/ 美:/ˈnæroʊ/,adj. 狭窄的，有限的；度量小的；精密的；勉强的 n. 狭窄部分，隘路；海峡,
1049,nasty,英:/ˈnɑːsti/ 美:/ˈnæsti/,adj. 下流的；肮脏的；脾气不好的；险恶的 n. 令人不快的事物,
1050,nation,英:/ˈneɪʃn/ 美:/ˈneɪʃn/,n. 国家；民族；国民,
1051,national,英:/ˈnæʃnəl/ 美:/ˈnæʃnəl/,adj. 国家的；国民的；民族的；国立的 n. 国民,
1052,natural,英:/'nætʃ(ə)r(ə)l/ 美:/'nætʃrəl/,adj. 天然的；（能力）天生的；无添加剂的；本位音的 n. 天生具有…才能的人,
1053,navy,英:/ˈneɪvi/ 美:/ˈneɪvi/,n. 海军,
1054,near,英:/nɪə/ 美:/nɪr/,adj. 近的；近似的；亲近的 adv. 接近；近,
1055,nearly,英:/'nɪəlɪ/ 美:/'nɪrli/,adv. 差不多，几乎；密切地,
1056,neat,英:/niːt/ 美:/niːt/,adj. 整洁的；未搀水的；优雅的；灵巧的；齐整的；平滑的,
1057,necessary,英:/ˈnesəsəri/ 美:/ˈnesəseri/,adj. 必要的; 必需的；必然的; 不可避免的  n. 必需品,
1058,neck,英:/nek/ 美:/nɛk/,n. 脖子；衣领；海峡 vi. [口]搂著脖子亲吻；变狭窄,
1059,need,英:/niːd/ 美:/nid/,n. 需要，要求；必要之物；缺乏 vt. 需要,
1060,needle,英:/ˈniːdl/ 美:/ˈniːdl/,n. 针；指针；针状物；刺激 vi. 缝纫；做针线,
1061,neither,英:/'naɪðə/ 美:/'niðɚ/,conj. 既不；也不 adv. 两个都不；既不……也不,
1062,nerve,英:/nɜːv/ 美:/nɜːrv/,n. 神经；勇气；[植]叶脉 vt. 鼓起勇气,
1063,nervous,英:/ˈnɜːvəs/ 美:/ˈnɜːrvəs/,adj. 神经的；紧张不安的；强健有力的,
1064,net,英:/net/ 美:/net/,n. 网；净利；网络；实价 vi. 编网,
1065,network,英:/ˈnetwɜːk/ 美:/ˈnetwɜːrk/,n. 网络；网状物；广播网,
1066,never,英:/'nevə/ 美:/'nɛvɚ/,adv. 决不；从未,
1067,new,英:/njuː/ 美:/nu/,adj. 新的，新鲜的；更新的；初见的 adv. 新近,
1068,news,英:/njuːz/ 美:/nuz/,n. 新闻，消息；新闻报导,
1069,newspaper,英:/'njuːzpeɪpə/ 美:/'nuzpepɚ/,n. 报纸,
1070,next,英:/nekst/ 美:/nekst/,adv. 其次；然后；下次 adj. 贴近的；下一个的；其次的,
1071,nice,英:/naɪs/ 美:/naɪs/,adj. 精密的，美好的，细微的，和蔼的,
1072,night,英:/naɪt/ 美:/naɪt/,n. 夜晚，晚上；黑暗，黑夜 adj. 夜晚的，夜间的,
1073,nine,英:/naɪn/ 美:/naɪn/,n. 九，九个 num. 九个；九,
1074,no,英:/nəʊ/ 美:/no/,adv. 不 adj. 没有；不是,
1075,noise,英:/nɒɪz/ 美:/nɔɪz/,n. 响声；杂音；噪音 vt. 谣传,
1076,none,英:/nʌn/ 美:/nʌn/,pron. 没有人；没有任何东西；一个也没有 adj. 没有的，一点没有的,
1077,nonsense,英:/ˈnɒnsns/ 美:/ˈnɑːnsens/,n. 谬论；胡言乱语；愚蠢的行为；毫无意义的话 int. 荒唐,
1078,noon,英:/nuːn/ 美:/nun/,n. 中午；正午；全盛期,
1079,nor,英:/nɔː/ 美:/nɔr/,conj. 也不；也不是 adv. 也不；也没有,
1080,north,英:/nɔːθ/ 美:/nɔrθ/,n. 北，北方 adj. 北方的；朝北的,
1081,Northern,英:/'nɔːð(ə)n/ 美:/'nɔrðɚn/,adj. 北方的；北部的 n. 北部方言,
1082,nose,英:/nəʊz/ 美:/noz/,n. 鼻子；嗅觉；突出的部分；探问 vt. 用鼻子触；嗅,
1083,not,英:/nɔt/ 美:/nɑt/,adv. 不（用于否定句）,
1084,note,英:/nəʊt/ 美:/noʊt/,n. 笔记；注解；便笺；照会；音符；调子；票据；纸币 vt. 记录；注意；注解,
1085,nothing,英:/'nʌθɪŋ/ 美:/'nʌθɪŋ/,neg. 没什么；毫不 n. 无；不关紧要之事；零,
1086,notice,英:/ˈnəʊtɪs/ 美:/ˈnoʊtɪs/,n. 通知，布告；注意；公告 vt. 注意到；通知；留心,
1087,noticeable,英:/ˈnəʊtɪsəbl/ 美:/ˈnoʊtɪsəbl/,adj. 显而易见的；显著的；值得注意的,
1088,noun,英:/naʊn/ 美:/naʊn/,n. [语]名词,
1089,now,英:/naʊ/ 美:/naʊ/,adv. 现在；立刻；如今 adj. 现在的,
1090,nowhere,英:/ˈnəʊweə(r)/ 美:/ˈnoʊwer/,adv. 无处；任何地方都不；毫无结果 n. 无处；任何地方；无名之地,
1091,number,英:/'nʌmbə/ 美:/'nʌmbɚ/,n. 号码；数字；数；算术；（杂志等的）期 vi. 计入；总数达到,
1092,nurse,英:/nɜːs/ 美:/nɜːrs/,vt. 看护，护理；培养；照顾；给…喂奶 vi. 照料，护理；喂奶；当保姆,
1093,nut,英:/nʌt/ 美:/nʌt/,n. 坚果；螺母，螺帽；难对付的人，难解的问题 vi. 采坚果,
1094,obey,英:/əʊˈbeɪ，əˈbeɪ/ 美:/əˈbeɪ，oʊˈbeɪ/,vt. 服从，听从；按照……行动 vi. 服从，顺从；听话,
1095,object,英:/ˈɒbdʒɪkt/ 美:/ˈɑːbdʒekt/,n. 宾语；客体；目标；物体 vt. 提出…作为反对的理由,
1096,obtain,英:/əbˈteɪn/ 美:/əbˈteɪn/,vi. 获得；流行 vt. 获得,
1097,ocean,英:/ˈəʊʃn/ 美:/ˈoʊʃn/,n. 海洋；广阔；[口]大量,
1098,of,英:/ɒv/ 美:/əv/,prep. 属于；关于；…的；由…组成的,
1099,off,英:/ɒf/ 美:/ɔf/,prep. 离开；脱落 adv. 走开；切断,
1100,offence,英:/əˈfens/ 美:/əˈfens/,n. 犯罪；过错；攻击，冒犯；令人讨厌的事物,
1101,offend,英:/əˈfend/ 美:/əˈfend/,vt. 冒犯；使…不愉快 vi. 违反；进攻；引起不舒服,
1102,offensive,英:/əˈfensɪv/ 美:/əˈfensɪv/,adj. 令人不快的；冒犯的；侮辱的；与进攻有关的 n. 攻势；攻击,
1103,offer,英:/ˈɒfə(r)/ 美:/ˈɔːfər/,vt. 提供；试图；出价 n. 提议；出价；意图,
1104,office,英:/ˈɒfɪs/ 美:/ˈɑːfɪs/,n. 办公室；营业处；官职；政府机关,
1105,officer,英:/ˈɒfɪsə(r)/ 美:/ˈɑːfɪsər/,n. 军官，警官；公务员，政府官员；船长 vt. 指挥,
1106,official,英:/əˈfɪʃl/ 美:/əˈfɪʃl/,adj. 正式的；官方的；公务的 n. 官员；公务员,
1107,often,英:/'ɒf(ə)n/ 美:/'ɔfn/,adv. 常常，时常,
1108,oil,英:/ɒɪl/ 美:/ɔɪl/,n. 油；石油；油画颜料 vt. 涂油；加油；使融化,
1109,old,英:/əʊld/ 美:/old/,adj. 年老的；陈旧的，古老的 n. 古时,
1110,on,英:/ɒn/ 美:/ɑn/,adv. 向前地；继续着；作用中，行动中 prep. 在……之上；在……时候；关于；向，朝……,
1111,once,英:/wʌns/ 美:/wʌns/,adv. 一次；曾经 conj. 一旦,
1112,one,英:/wʌn/ 美:/wʌn/,n. 一；一个；一体 adj. 一个的；某一个的；唯一的；同一的 pron. 任何人；某人,
1113,onion,英:/ˈʌnjən/ 美:/ˈʌnjən/,n. 洋葱；洋葱头,
1114,only,英:/'əʊnlɪ/ 美:/'onli/,adv. 只，仅仅；不料 adj. 唯一的，仅有的；最合适的,
1115,onto,英:/ˈɒntə/ 美:/ˈɑːntə/,prep. 向，朝在…之上；对…了解；[数]映射到…上 adj. [数]映成的；映射的；自身的,
1116,open,英:/ˈəʊpən/ 美:/ˈoʊpən/,adj. 营业着的；敞开的；空旷的；公开的；坦率的 vi. 开始；展现,
1117,operate,英:/ˈɒpəreɪt/ 美:/ˈɑːpəreɪt/,vi. 运转；动手术；起作用 vt. 操作；经营；对…开刀；引起,
1118,operation,英:/ˌɒpəˈreɪʃn/ 美:/ˌɑːpəˈreɪʃn/,"n.操作, 运转, 经营；手术",
1119,opinion,英:/əˈpɪnjən/ 美:/əˈpɪnjən/,n. 意见；主张,
1120,opponent,英:/əˈpəʊnənt/ 美:/əˈpoʊnənt/,n. 对手；敌手；反对者,
1121,opportunity,英:/ˌɒpəˈtjuːnəti/ 美:/ˌɑːpərˈtuːnəti/,"n. 机会, 时机",
1122,oppose,英:/əˈpəʊz/ 美:/əˈpoʊz/,vt. 反对；对抗，抗争 vi. 反对,
1123,opposite,英:/ˈɒpəzɪt/ 美:/ˈɑːpəzɪt/,adj. 相反的；对面的；对立的 n. 对立面；反义词,
1124,or,英:/ɔ:/ 美:/ɔr/,conj. 或，或者；还是,
1125,orange,英:/ˈɔrindʒ/ 美:/ˈɔrɪndʒ/,adj. 橘色的；橙色的 n. 桔子；橙；橙色,
1126,order,英:/ˈɔːdə(r)/ 美:/ˈɔːrdər/,n. 命令；顺序；定单；规则 vt. 命令；定购；整理,
1127,ordinary,英:/ˈɔːdnri/ 美:/ˈɔːrdneri/,adj. 普通的；平常的；平凡的 n. 普通；平常的人（或事）,
1128,organ,英:/ˈɔːɡən/ 美:/ˈɔːrɡən/,n. 器官；风琴；机构；喉舌；报刊,
1129,organization,英:/ˌɔːɡənaɪˈzeɪʃn/ 美:/ˌɔːrɡənəˈzeɪʃn/,"n. 团体, 机构 组织 组织性, 系统性",
1130,organize,英:/ˈɔːɡənaɪz/ 美:/ˈɔːrɡənaɪz/,vt. 组织；使有系统化；给予生机；组织成立工会等 vi. 成立组织；组织起来,
1131,origin,英:/ˈɒrɪdʒɪn/ 美:/ˈɔːrɪdʒɪn/,n. 出身；原点；起源；开端,
1132,original,英:/əˈrɪdʒənl/ 美:/əˈrɪdʒənl/,n. 原物；原作；原型；原件 adj. 原始的；最初的；新颖的；独创的,
1133,other,英:/'ʌðə/ 美:/'ʌðɚ/,adj. 其他的，另外的 pron. 另外一个,
1134,ought to,,phr. 应该，应当,
1135,our,英:/aʊə/ 美:/ɑr/,pron. 我们的,
1136,ours,英:/'auəz/ 美:/aʊrz/,pron. 我们的,
1137,out,英:/aʊt/ 美:/aʊt/,adv. 在外；出现；出声地；不流行地；出局 adj. 外面的；出局的；下台的,
1138,outdoor,英:/ˈaʊtdɔː(r)/ 美:/ˈaʊtdɔːr/,adj. 户外的；露天的；野外的（等于out-of-door）,
1139,outer,英:/ˈaʊtə(r)/ 美:/ˈaʊtər/,adj. 远离中心的；外面的，外部的 n. 环外命中,
1140,outside,英:/aʊt'saɪd/ 美:/ˌaʊt'saɪd/,adj. 外面的，外部的；外来的 n. 外部；外观,
1141,over,英:/'əʊvə/ 美:/'ovɚ/,adv. 结束；越过；从头到尾 prep. 在…之上；越过；遍于…之上,
1142,owe,英:/əʊ/ 美:/oʊ/,vt. 感激；欠；应给予；应该把……归功于 vi. 欠钱,
1143,own,英:/əʊn/ 美:/on/,vt. 拥有；承认 vi. 承认,
1144,oxygen,英:/ˈɒksɪdʒən/ 美:/ˈɑːksɪdʒən/,n. 氧气，氧,
1145,pack,英:/pæk/ 美:/pæk/,n. 包裹；一副；一群；包装；背包 vt. 包装；压紧；捆扎；挑选；塞满,
1146,package,英:/ˈpækɪdʒ/ 美:/ˈpækɪdʒ/,n. 包，包裹；套装软件，程序包 adj. 一揽子的,
1147,page,英:/peidʒ/ 美:/pedʒ/,n. 页；大事件，时期；记录；男侍者 vt. 给…标页码,
1148,painful,英:/ˈpeɪnfl/ 美:/ˈpeɪnfl/,adj. 疼痛的；痛苦的；令人不快的,
1149,paint,英:/peɪnt/ 美:/peɪnt/,vt. 油漆；描绘；装饰；绘画 vi. 油漆；绘画,
1150,painting,英:/'peɪntɪŋ/ 美:/'pentɪŋ/,n. 油画；绘画；着色 v. 涂色于；绘画（paint的ing形式）,
1151,pair,英:/peə/ 美:/pɛr/,n. 一对，一双，一副 vt. 把…组成一对,
1152,pale,英:/peɪl/ 美:/peɪl/,adj. 苍白的；暗淡的；无力的 n. 前哨；栅栏；范围,
1153,pan,英:/pæn/ 美:/pæn/,n. 平锅；平底锅；（无盖的）烤模，烤盘；（天平的）秤盘；马桶（的球形部分） v. 严厉批评，抨击（戏剧、电影等）；（移动摄像机）追拍，摇摄；用淘选盘淘（金）,
1154,paper,英:/'peɪpə/ 美:/'pepɚ/,n. 纸；文件；报纸；论文 adj. 纸做的,
1155,parallel,英:/ˈpærəlel/ 美:/ˈpærəlel/,n. 平行线；对比 vt. 使…与…平行,
1156,parent,英:/ˈpeərənt/ 美:/ˈperənt/,n. 父母亲；父亲（或母亲）；根源,
1157,park,英:/pɑːk/ 美:/pɑrk/,n. 公园；停车场 vt. 停放；放置；寄存,
1158,parliament,英:/ˈpɑːləmənt/ 美:/ˈpɑːrləmənt/,"n. 议会, 国会",
1159,part,英:/pɑːt/ 美:/pɑːrt/,n. 部分；角色；零件 vt. 分开；分离；分配,
1160,participate,英:/pɑːˈtɪsɪpeɪt/ 美:/pɑːrˈtɪsɪpeɪt/,"vt. & vi. 参加, 参与",
1161,particular,英:/pəˈtɪkjələ(r)/ 美:/pərˈtɪkjələr/,adj. 特定的；专指的；特殊的；特别的；挑剔的 n. 详情；细节,
1162,partly,英:/ˈpɑːtli/ 美:/ˈpɑːrtli/,adv. 在一定程度上；部分地,
1163,partner,英:/ˈpɑːtnə(r)/ 美:/ˈpɑːrtnər/,n. 合伙人；伙伴；配偶 vi. 合伙；合股；成为搭档,
1164,party,英:/ˈpɑːti/ 美:/ˈpɑːrti/,n. 聚会，派对；政党，党派；[律]当事人 vi. 参加社交聚会,
1165,pass,英:/pɑːs/ 美:/pæs/,n. 及格；经过；护照；途径；[体]传球 vi. 经过；传递；变化；终止,
1166,passage,英:/ˈpæsɪdʒ/ 美:/ˈpæsɪdʒ/,n. 通路；走廊；一段（文章）,
1167,past,英:/pɑːst/ 美:/pæst/,n. 过去；往事 adj. 过去的；结束的,
1168,path,英:/pɑːθ/ 美:/pæθ/,n. 小路；道路；轨道,
1169,patient,英:/ˈpeɪʃnt/ 美:/ˈpeɪʃnt/,adj. 有耐性的，能容忍的 n. 病人；患者,
1170,pause,英:/pɔːz/ 美:/pɔːz/,n. 暂停；间歇 vi. 暂停，停顿，中止；踌躇,
1171,pay,英:/peɪ/ 美:/peɪ/,vt. 支付，付；偿还，补偿 vi. 付款；偿还,
1172,payment,英:/ˈpeɪmənt/ 美:/ˈpeɪmənt/,n. 付款，支付；报酬，报答；惩罚，报应；偿还,
1173,peace,英:/piːs/ 美:/piːs/,n. 和平；和睦；平静；秩序,
1174,peaceful,英:/ˈpiːsfl/ 美:/ˈpiːsfl/,adj. 和平的，爱好和平的；平静的,
1175,pen,英:/pen/ 美:/pɛn/,n. 钢笔；笔；写作；围栏；雌天鹅 v. 写；把…关在圈中,
1176,pence,英:/pens/ 美:/pɛns/,n. 便士（penny的复数）,
1177,pencil,英:/'pens(ə)l/ 美:/'pɛnsl/,n. 铅笔；笔状物 vt. 用铅笔写；用眉笔涂,
1178,people,英:/ˈpiːpl/ 美:/ˈpiːpl/,n. 人；人类；民族；公民 vt. 居住于；使住满人,
1179,pepper,英:/ˈpepə(r)/ 美:/ˈpepər/,n. 胡椒粉；辣椒；胡椒 vt. 加胡椒粉于；使布满,
1180,percent,英:/pəˈsent/ 美:/pəˈsent/,n. 百分比，百分率；百分数；部分 adj. 百分之…的,
1181,perfect,英:/ˈpɜːfɪkt，pəˈfɛkt/ 美:/ˈpɜrfɪkt，pərˈfɛkt/,adj. 完美的；最好的；精通的 vt. 使完美；使熟练,
1182,perform,英:/pəˈfɔːm/ 美:/pərˈfɔːrm/,vt. 执行；完成；演奏 vi. 表演；执行，机器运转,
1183,performance,英:/pəˈfɔːməns/ 美:/pərˈfɔːrməns/,n. 表演，演出；工作情况，表现；（投资的）业绩；执行，履行；（汽车的）性能；（语言学）语言表现，言语行为,
1184,perhaps,英:/pə'hæps/ 美:/pɚ'hæps/,adv. 也许；可能 n. 假定；猜想；未定之事,
1185,period,英:/'pɪərɪəd/ 美:/'pɪrɪəd/,n. 周期，期间；时期；课时；月经 adj. 某一时代的,
1186,permanent,英:/ˈpɜːmənənt/ 美:/ˈpɜːrmənənt/,"adj. 永久(性)的, 固定的",
1187,permission,英:/pəˈmɪʃn/ 美:/pərˈmɪʃn/,"n. 允许, 许可, 准许",
1188,person,英:/'pɜːs(ə)n/ 美:/'pɝsn/,n. 人；[语法]人称；身体；容貌，外表,
1189,personal,英:/ˈpɜːsənl/ 美:/ˈpɜːrsənl/,adj. 个人的；身体的；亲自的 n. 人事消息栏；人称代名词,
1190,persuade,英:/pəˈsweɪd/ 美:/pərˈsweɪd/,vt. 说服，劝说；使某人相信；劝某人做（不做）某事 vi. 说服；被说服,
1191,pet,英:/pet/ 美:/pɛt/,n. 宠物；受宠爱的人；生气 vt. 宠爱,
1192,petrol,英:/ˈpetrəl/ 美:/ˈpetrəl/,n. （英）汽油,
1193,photo,英:/'fəʊtəʊ/ 美:/ˈfoʊtoʊ/,n. 照片,
1194,phrase,英:/freɪz/ 美:/freɪz/,n. 成语；习语；措词 vt. 用短语表达；用语言表达,
1195,physical,英:/ˈfɪzɪkl/ 美:/ˈfɪzɪkl/,adj. 身体的；物质的；物理的 n. [口]体格检查,
1196,physics,英:/ˈfɪzɪks/ 美:/ˈfɪzɪks/,n. 物理学；物理现象,
1197,piano,英:/piˈænəʊ/ 美:/piˈænoʊ/,n. 钢琴,
1198,pick,英:/pɪk/ 美:/pɪk/,vi. 挑选；采摘；挖 vt. 拾取；精选；采摘；掘,
1199,picture,英:/ˈpɪktʃə(r)/ 美:/ˈpɪktʃər/,n. 照片，图画；景色；影片；化身 vt. 画；想像；描写,
1200,piece,英:/piːs/ 美:/pis/,n. 件；篇；块；硬币 vt. 修补；接合；凑合,
1201,pig,英:/pɪg/ 美:/pɪɡ/,n. 猪肉；猪；警察 vi. 生小猪；像猪一样过活,
1202,pile,英:/paɪl/ 美:/paɪl/,n. 堆；大量；建筑群 vt. 累积；打桩于,
1203,pilot,英:/ˈpaɪlət/ 美:/ˈpaɪlət/,n. 领航员；飞行员 adj. 试点的,
1204,pin,英:/pɪn/ 美:/pɪn/,n. 大头针，别针；胸针 vt. (用大头针) 钉住，固定；按住,
1205,pink,英:/pɪŋk/ 美:/pɪŋk/,n. 粉红色；石竹花；头面人物；化身，典范 vt. 使…变粉红色；使…面红耳赤；扎，刺，戳,
1206,pipe,英:/paɪp/ 美:/paɪp/,n. 管子；烟斗；管乐器 vt. 以管输送；装管道；吹奏；尖声说；(为衣服等)滚边 vi. 吹奏管乐；尖叫,
1207,pity,英:/'pɪtɪ/ 美:/'pɪti/,n. 怜悯，同情；遗憾 vt. 对……表示怜悯；对……感到同情,
1208,place,英:/pleɪs/ 美:/ples/,n. 地方；住所；座位 vt. 放置；任命；寄予,
1209,plain,英:/pleɪn/ 美:/pleɪn/,adj. 平的；朴素的；简单的；清晰的 n. 平原；[计]无格式；朴实无华的东西,
1210,plan,英:/plæn/ 美:/plæn/,n. 平面图；计划 vt. 计划；设计；打算,
1211,plane,英:/pleɪn/ 美:/pleɪn/,n. 平面；飞机；程度，水平 vi. 刨；翱翔；乘飞机旅行,
1212,plant,英:/plɑːnt/ 美:/plænt/,n. 植物；工厂；设备；设施 v. 种植；设立；建立；安插；栽赃,
1213,plastic,英:/ˈplæstɪk/ 美:/ˈplæstɪk/,adj. 可塑的；塑料的；（外科）造型的 n. 塑料制品；可塑体；整形,
1214,plate,英:/pleɪt/ 美:/pleɪt/,"n. 盘子, 碟 金属牌 平板, 薄片 vt. 镀, 电镀",
1215,play,英:/pleɪ/ 美:/ple/,vt. 演奏；播放；游戏；扮演；同…比赛 vi. 演奏；玩耍；上演；参加比赛,
1216,pleasant,英:/ˈpleznt/ 美:/ˈpleznt/,adj. 令人愉快的，舒适的；讨人喜欢的，和蔼可亲的,
1217,please,英:/pliːz/ 美:/pliz/,vt. 使高兴，使满意；使喜欢 vi. 令人高兴；讨人喜欢,
1218,pleasure,英:/'pleʒə/ 美:/ˈplɛʒər/,n. 快乐；娱乐；希望；令人高兴的事 vt. 使满意；使高兴,
1219,plenty,英:/'plentɪ/ 美:/'plɛnti/,n. 丰富，大量；充足 adj. 足够的，很多的,
1220,pocket,英:/ˈpɒkɪt/ 美:/ˈpɑːkɪt/,n. 口袋；钱；容器 vt. 隐藏；忍受；将…放入衣袋,
1221,poem,英:/ˈpəʊɪm/ 美:/ˈpoʊəm/,n. 诗,
1222,poet,英:/ˈpəʊɪt/ 美:/ˈpoʊət/,n. 诗人,
1223,poetry,英:/ˈpəʊətri/ 美:/ˈpoʊətri/,n. 诗；诗意；诗集；诗作；诗的意境；诗一般美的事物,
1224,point,英:/pɒɪnt/ 美:/pɔɪnt/,n. 要点；尖端；得分；标点 vt. 指向；弄尖；加标点于,
1225,pointed,英:/'pɒɪntɪd/ 美:/'pɔɪntɪd/,adj. 尖的；锐利的；突出的；率直的 v. 指出；瞄准（point的过去式）,
1226,poison,英:/ˈpɔɪzn/ 美:/ˈpɔɪzn/,vt. 使中毒，放毒于；败坏；污染；阻碍 vi. 放毒，下毒,
1227,poisonous,英:/ˈpɔɪzənəs/ 美:/ˈpɔɪzənəs/,adj. 有毒的；恶意的,
1228,pole,英:/pəʊl/ 美:/poʊl/,n. 柱子；杆子；棍；杖；（行星的）极；地极；【物理】磁极；电极；（特质、意见或信仰）截然相反的两极之一；极端；波兰人（Pole） v. 用篙撑船；摆船,
1229,police,英:/pəˈliːs/ 美:/pəˈliːs/,n. 警察，警方；治安 vt. 维持治安；监督；管辖；为…配备警察,
1230,polish,英:/ˈpɒlɪʃ/ 美:/ˈpɑːlɪʃ/,n. 磨光，擦亮；上光剂，擦亮剂；优雅，精良 vi. 擦亮，变光滑,
1231,political,英:/pəˈlɪtɪkl/ 美:/pəˈlɪtɪkl/,adj.政治的；政治上的；>政党的，党派的；对政治有兴趣的，政治上活跃的,
1232,politician,英:/ˌpɒləˈtɪʃn/ 美:/ˌpɑːləˈtɪʃn/,"n. 政治家 政客, 玩弄权术者",
1233,politics,英:/ˈpɒlətɪks/ 美:/ˈpɑːlətɪks/,n. 政治，政治学；政治活动；政纲,
1234,pool,英:/puːl/ 美:/puːl/,n. 水塘；游泳池 n. 共同储金；联营；美式撞球 v. 共用；汇集,
1235,poor,英:/pɔː(r)/ 美:/pʊr/,adj. 可怜的；贫穷的；贫乏的；卑鄙的,
1236,popular,英:/ˈpɒpjələ(r)/ 美:/ˈpɑːpjələr/,adj. 流行的，通俗的；受欢迎的；大众的；普及的,
1237,population,英:/ˌpɒpjuˈleɪʃn/ 美:/ˌpɑːpjuˈleɪʃn/,n. 人口；(全体)居民；群体,
1238,port,英:/pɔːt/ 美:/pɔːrt/,n. 港口，口岸；左舷；舱门；（计算机的）端口 vi. 转向左舷,
1239,position,英:/pəˈzɪʃn/ 美:/pəˈzɪʃn/,n. 位置，方位；职位，工作；姿态；站位 vt. 安置；把……放在适当位置,
1240,positive,英:/ˈpɒzətɪv/ 美:/ˈpɑːzətɪv/,adj. 确定的，肯定的；积极的；正的，阳性的；绝对的；实际的，真实的 n. 正片；正数,
1241,possess,英:/pəˈzes/ 美:/pəˈzes/,vt. 持有；控制；迷住；使掌握,
1242,possession,英:/pəˈzeʃn/ 美:/pəˈzeʃn/,"n. 占有, 持有, 拥有 个人财产, 私人财物 领地, 属地, 殖民地",
1243,possibility,英:/ˌpɒsəˈbɪləti/ 美:/ˌpɑːsəˈbɪləti/,n. 可能；可能性；可能的事情；潜在的价值,
1244,possible,英:/ˈpɒsəbl/ 美:/ˈpɑːsəbl/,adj. 可能的；合理的；合适的 n. 可能性；可能的事物；合适的人,
1245,possibly,英:/ˈpɒsəbli/ 美:/ˈpɑːsəbli/,adv. 可能地；大概；也许,
1246,post,英:/pəʊst/ 美:/poʊst/,n. 职位；邮件；标竿 v. 邮递；通知；布置；派遣；急行 adv. 快速地,
1247,pot,英:/pɒt/ 美:/pɑːt/,n. 罐；壶；盆 vt. 把…装罐；射击；节略,
1248,potato,英:/pə'teɪtəʊ/ 美:/pə'teto/,n. 土豆，马铃薯,
1249,pound,英:/paʊnd/ 美:/paʊnd/,n. 英镑；兽栏；重击，重击声；拘留所 vt. 捣烂；敲打；监禁，拘留,
1250,pour,英:/pɔː(r)/ 美:/pɔːr/,n. 倾泻；流出；骤雨 vt. 倒；灌，注；倾吐；倾泻,
1251,powder,英:/ˈpaʊdə(r)/ 美:/ˈpaʊdər/,n. 粉末；粉；火药；尘土 vt. 使成粉末；搽粉于；撒粉,
1252,powerful,英:/ˈpaʊəfl/ 美:/ˈpaʊərfl/,adj. 强大的；强有力的 adv. 很；非常,
1253,practical,英:/ˈpræktɪkl/ 美:/ˈpræktɪkl/,adj. 明智的；实际的；实用的；事实上的 n. 实践考试,
1254,practice,英:/ˈpræktɪs/ 美:/ˈpræktɪs/,n. 练习；实践；惯例 vi. 练习；实习；实行,
1255,praise,英:/preɪz/ 美:/preɪz/,n. 赞扬；称赞；赞美；（对上帝的）颂扬，赞颂 v. 表扬；赞扬；称赞；颂扬，赞颂（上帝）,
1256,pray,英:/preɪ/ 美:/preɪ/,vt. 祈祷；恳求；央求 vi. 祈祷；恳求；请,
1257,prayer,英:/preə(r)/ 美:/prer/,n. 恳求；祈祷，祷告；祈祷文,
1258,prefer,英:/prɪˈfɜː(r)/ 美:/prɪˈfɜːr/,vt. 宁愿；更喜欢；提出；提升 vi. 愿意；喜欢,
1259,preparation,英:/ˌprepəˈreɪʃn/ 美:/ˌprepəˈreɪʃn/,n. 准备；预备；配制,
1260,prepare,英:/prɪˈpeə(r)/ 美:/prɪˈper/,vt. 准备；使适合；装备；起草 vi. 预备；做好思想准备,
1261,present,英:/ˈpreznt/ 美:/ˈpreznt/,vt. 呈现；介绍；提出；赠送 vi. 举枪瞄准,
1262,preserve,英:/prɪˈzɜːv/ 美:/prɪˈzɜːrv/,vt. 保存；保护；维持；禁猎；腌 n. 禁猎地；保护区；加工成的食品,
1263,president,英:/ˈprezɪdənt/ 美:/ˈprezɪdənt/,n. (国家)总统；(公司)总裁；校长；总经理；社长,
1264,pressure,英:/ˈpreʃə(r)/ 美:/ˈpreʃər/,n. 压力；压迫，压强 vt. 迫使；密封；使……增压,
1265,pretend,英:/prɪˈtend/ 美:/prɪˈtend/,vt. 假装；伪称；假扮 vi. 假装；伪称,
1266,pretty,英:/'prɪtɪ/ 美:/'prɪti/,adj. 漂亮的；可爱的；优美的 adv. 相当地；颇,
1267,prevent,英:/prɪˈvent/ 美:/prɪˈvent/,vt. 预防，防止；阻止 vi. 妨碍，阻止,
1268,previous,英:/ˈpriːviəs/ 美:/ˈpriːviəs/,adj. 以前的；早先的；过早的 adv. 在…以前；在先,
1269,price,英:/praɪs/ 美:/praɪs/,n. 价格；代价；价值 vt. 给……定价；问……的价格,
1270,priest,英:/priːst/ 美:/priːst/,n. 牧师；神父；教士 vt. 使成为神职人员；任命…为祭司,
1271,prince,英:/prɪns/ 美:/prɪns/,n. 王子，国君；亲王；贵族,
1272,principle,英:/ˈprɪnsəpl/ 美:/ˈprɪnsəpl/,n. 原理；原则；主义；信念,
1273,prison,英:/ˈprɪzn/ 美:/ˈprɪzn/,n. 监狱；拘留所；监禁 vt. 监禁，关押,
1274,prisoner,英:/ˈprɪznə(r)/ 美:/ˈprɪznər/,n. 囚犯，犯人；刑事被告；俘虏,
1275,private,英:/ˈpraɪvət/ 美:/ˈpraɪvət/,adj. 私人的；私有的；私下的 n. 列兵；二等兵,
1276,prize,英:/praɪz/ 美:/praɪz/,n. 奖品；奖赏；战利品 vt. 珍视；估价；捕获,
1277,probably,英:/ˈprɔbəbli/ 美:/'prɑbəbli/,adv. 大概；或许；很可能,
1278,process,英:/ˈprəʊses/ 美:/ˈprɑːses/,vt. 处理；加工 n. 过程，进行；方法，步骤；作用；程序；推移,
1279,produce,英:/prəˈdjuːs/ 美:/prəˈduːs/,vt. 生产；引起；创作 n. 农产品，产品,
1280,product,英:/ˈprɒdʌkt/ 美:/ˈprɑːdʌkt/,n. 产品；结果；作品；乘积,
1281,production,英:/prəˈdʌkʃn/ 美:/prəˈdʌkʃn/,n. 生产，制作；产量；制作，制片；上演，上映；（录音）制作，监制；出示，提供,
1282,profit,英:/ˈprɒfɪt/ 美:/ˈprɑːfɪt/,n. 利润；利益 vi. 有益；获利,
1283,program,英:/ˈprəuɡræm/ 美:/'proɡræm/,n. 程序；计划；大纲 vt. 用程序指令；为…制订计划；为…安排节目,
1284,progress,英:/'prəʊgres/ 美:/'prɑɡrɛs/,n. 进步，发展；前进 vi. 进行；前进，进步,
1285,project,英:/ˈprɒdʒekt/ 美:/ˈprɑːdʒekt/,vi. 设计；表达；计划；投射 vt. 设计；放映；计划；发射,
1286,pronounce,英:/prəˈnaʊns/ 美:/prəˈnaʊns/,"vt. & vi. 发音, 读 vt. 宣布; 宣称 vi. 宣判",
1287,pronunciation,"英:/prə,nʌnsɪ'eɪʃ(ə)n/ 美:/prə'nʌnsɪ'eʃən/",n. 发音；读音,
1288,proof,英:/pruːf/ 美:/pruːf/,n. 证明；证据；校样；考验；验证；试验  adj. 防…的；不能透入的；证明用的；耐…的  vt. 试验；校对；使不被穿透,
1289,proper,英:/ˈprɔpə(r)/ 美:/ˈprɑpɚ/,adj. 适当的；特有的；本身的；正派的 adv. [方言]完全地,
1290,property,英:/ˈprɒpəti/ 美:/ˈprɑːpərti/,n. 财产；性质，性能；所有权,
1291,protect,英:/prə'tekt/ 美:/prə'tɛkt/,vt. 保护，防卫；警戒,
1292,protection,英:/prəˈtekʃn/ 美:/prəˈtekʃn/,"n. 保护, 保卫 贸易保护措施 防护物 (向歹徒缴纳的)保护费",
1293,protective,英:/prəˈtektɪv/ 美:/prəˈtektɪv/,"adj. 保护的, 防护的 显示保护意愿的",
1294,protest,英:/ˈprəʊtest/ 美:/ˈproʊtest/,vi. 抗议；断言 vt. 抗议；断言,
1295,proud,英:/praʊd/ 美:/praʊd/,adj. 自豪的；自负的；得意的,
1296,prove,英:/pruːv/ 美:/pruːv/,vt. 证明；检验；显示 vi. 证明是,
1297,provide,英:/prə'vaɪd/ 美:/prə'vaɪd/,vt. 规定；提供；准备；装备 vi. 抚养；规定；作准备,
1298,public,英:/ˈpʌblɪk/ 美:/ˈpʌblɪk/,adj. 公用的；公众的；公立的；政府的 n. 公众；社会；公共场所,
1299,pump,英:/pʌmp/ 美:/pʌmp/,vt. 用抽水机抽…；打气 n. 泵，抽水机；打气筒,
1300,punish,英:/ˈpʌnɪʃ/ 美:/ˈpʌnɪʃ/,vt. 严厉对待；惩罚；[口]贪婪地吃喝 vi. 惩罚,
1301,punishment,英:/ˈpʌnɪʃmənt/ 美:/ˈpʌnɪʃmənt/,"n. 处罚, 受罚",
1302,pure,英:/pjʊə(r)/ 美:/pjʊr/,adj. 纯的；纯洁的；清白的；纯粹的；纯理论的,
1303,purple,英:/'pɜːp(ə)l/ 美:/'pɝpl/,adj. 紫色的；帝王的；华而不实的 n. 紫色；紫袍,
1304,purpose,英:/ˈpɜːpəs/ 美:/ˈpɜːrpəs/,n. 目的；用途；意志 vt. 打算；企图；决心,
1305,push,英:/pʊʃ/ 美:/pʊʃ/,vt. 推动；推行；逼迫；增加 vi. 推；推进；增加；努力争取；伸展,
1306,put,英:/pʊt/ 美:/pʊt/,vt. 放；表达；移动；安置；赋予 vi. 航行；出发；发芽；击,
1307,quality,英:/ˈkwɒləti/ 美:/ˈkwɑːləti/,n. 质量，品质；特性；才能,
1308,quantity,英:/ˈkwɒntəti/ 美:/ˈkwɑːntəti/,n. 量，数量；总量；大量,
1309,quarter,英:/ˈkwɔːtə(r)/ 美:/ˈkwɔːrtər/,n. 四分之一；地区；季度；一刻钟；两角五分；[篮球]节 vi. 住宿；驻扎,
1310,queen,英:/kwiːn/ 美:/kwiːn/,n. 女王，王后；（纸牌中的）皇后；（蜜蜂等的）蜂王 vt. 使…成为女王或王后,
1311,question,英:/'kwestʃ(ə)n/ 美:/'kwɛstʃən/,n. 问题，疑问；询问；疑问句 vt. 怀疑；询问；审问,
1312,quick,英:/kwik/ 美:/kwɪk/,adj. 迅速的，快的；短暂的；敏捷的；即刻的；性情急躁的 n. （指甲下的）活肉（the quick） int. 快，快点 adv.  以很快的速度；迅速发生地，很快发生地,
1313,quiet,英:/'kwaɪət/ 美:/'kwaɪət/,adj. 安静的；安定的；温顺的；不动的 n. 安静；和平,
1314,quite,英:/kwaɪt/ 美:/kwaɪt/,adv. 很；相当；完全,
1315,rabbit,英:/'ræbɪt/ 美:/'ræbɪt/,n. 兔子，野兔 vt. 让…见鬼去吧,
1316,race,英:/reɪs/ 美:/reɪs/,n. 种族，人种；家庭，门弟；属，种 vt. 和…竞赛；使急走，使全速行进；使参加比赛,
1317,radio,英:/'reɪdɪəʊ/ 美:/'redɪo/,n. 收音机；无线电广播设备 vi. 用无线电进行通信,
1318,railway,英:/'reɪlweɪ/ 美:/'reɪlweɪ/,n. （英）铁路；铁道部门；轨道 vi. 乘火车旅行,
1319,rain,英:/reɪn/ 美:/ren/,n. 雨；雨天；雨季；下雨 vi. 下雨；降雨,
1320,raise,英:/reɪz/ 美:/reɪz/,v. 提高；筹集；养育；升起 n. 加薪,
1321,range,英:/reɪndʒ/ 美:/reɪndʒ/,n. 范围；山脉；排；幅度 vi. 平行，列为一行；延伸；漫游；射程达到,
1322,rank,英:/ræŋk/ 美:/ræŋk/,n. 等级；队列；排；军衔 adj. 讨厌的；恶臭的；繁茂的,
1323,rare,英:/reə(r)/ 美:/rer/,adj. 半熟的；稀有的；稀薄的 adv. [口]非常；极其,
1324,rat,英:/ræt/ 美:/ræt/,n. 鼠；卑鄙小人，叛徒 vi. 捕鼠；背叛，告密,
1325,rate,英:/reɪt/ 美:/reɪt/,n. 比率，率；速度；等级；价格 vt. 估价；认为；责骂,
1326,rather,英:/ˈrɑːðə(r)/ 美:/ˈræðər/,adv. 宁可，宁愿；相当 int. 当然啦（回答问题时用）,
1327,react,英:/riˈækt/ 美:/riˈækt/,vi. 反应；影响；反抗；起反作用 vt. 使发生相互作用；使起化学反应,
1328,reaction,英:/riˈækʃn/ 美:/riˈækʃn/,n. 反应，感应；反作用；反动，复古,
1329,read,英:/riːd/ 美:/rid/,vt. 阅读；读懂，理解 vi. 读；读起来,
1330,ready,英:/ˈredi/ 美:/ˈredi/,adj. 准备好；情愿的；现成的；迅速的；快要…的 n. 现款；预备好的状态,
1331,real,英:/riːl/ 美:/'riəl/,adj. 真实的；实在的；实际的 adv. 确实地；真正地,
1332,realize,英:/ˈriəlaiz/ 美:/'riəlaɪz/,vt. 实现；了解；将某物卖得；认识到,
1333,really,英:/'rɪəlɪ/ 美:/'rili/,adv. 实际上，事实上；真正地，真实地；真的吗？（表语气）,
1334,reasonable,英:/ˈriːznəbl/ 美:/ˈriːznəbl/,adj. 合理的；通情达理的；公平适度的,
1335,receive,英:/rɪ'siːv/ 美:/rɪ'siv/,vt. 收到；接待；接纳 vi. 接收,
1336,recent,英:/ˈriːsnt/ 美:/ˈriːsnt/,adj. 最近的；近代的,
1337,recently,/'risntli/,adv. 最近；新近,
1338,recognize,英:/ˈrekəɡnaɪz/ 美:/ˈrekəɡnaɪz/,vt. 承认；认出；意识到；表示感激；识别,
1339,record,"英:/ˈrekɔːd , rɪˈkɔːd/ 美:/ˈrekərd , rɪˈkɔːrd/",vt. 记录，记载；将...录音；标明 vi. 记录；录音,
1340,red,英:/red/ 美:/red/,n. 红色，红颜料；赤字 adj. 红色的；红肿的，充血的,
1341,reduce,英:/rɪˈdjuːs/ 美:/rɪˈduːs/,vt. 减少；降低；把…分解；使处于 vi. 减少；缩小；归纳为,
1342,reduction,英:/rɪˈdʌkʃn/ 美:/rɪˈdʌkʃn/,n. 减少；降低；减价；(化学)还原反应；(数学)约分,
1343,refer,英:/rɪˈfɜː(r)/ 美:/rɪˈfɜːr/,vi. 涉及；查阅；提到；参考 vt. 归诸于；使…求助于；委托；涉及,
1344,refusal,英:/rɪˈfjuːzl/ 美:/rɪˈfjuːzl/,n. 拒绝；优先取舍权；推却；取舍权,
1345,refuse,英:/rɪ'fjuːz/ 美:/ri'fjʊz/,vt. & vi. 拒绝; 回绝 n. 废物; 垃圾,
1346,regard,英:/rɪˈɡɑːd/ 美:/rɪˈɡɑːrd/,v. 尊敬；视为；注视；留意；和 ... 有关 n. 关心；尊敬；注意；致意；考虑,
1347,regular,英:/ˈreɡjələ(r)/ 美:/ˈreɡjələr/,adj. 整齐的；定期的；有规律的；合格的 n. 正式队员；常客；中坚分子,
1348,relation,英:/rɪˈleɪʃn/ 美:/rɪˈleɪʃn/,n. 关系；亲属关系；叙述；故事,
1349,relationship,英:/rɪ'leɪʃ(ə)nʃɪp/ 美:/rɪ'leʃən'ʃɪp/,"n. 关系, 联系",
1350,relative,英:/ˈrelətɪv/ 美:/ˈrelətɪv/,adj. 相对的；有关系的；成比例的 n. 亲戚；关系词；相关物；亲缘植物,
1351,relax,英:/rɪ'læks/ 美:/rɪ'læks/,vi. 放松，休息；松懈，松弛；变从容；休养 vt. 缓和；使松懈；使休息；放松；使松弛,
1352,religion,英:/rɪˈlɪdʒən/ 美:/rɪˈlɪdʒən/,n. 宗教信仰；宗教,
1353,religious,英:/rɪˈlɪdʒəs/ 美:/rɪˈlɪdʒəs/,adj. 宗教的；虔诚的；严谨的；信奉宗教的,
1354,remain,英:/rɪ'meɪn/ 美:/rɪˈmeɪn/,v. 仍然是；保持不变；剩余；遗留；继续存在；仍需去做（或说、处理）；逗留；不离去 n. 残余（物），剩余（物）；遗迹；残骸；遗体（remains）,
1355,remark,英:/rɪˈmɑːk/ 美:/rɪˈmɑːrk/,n. 评论；备注；注意 v. 评论；注意到,
1356,remember,英:/rɪ'membə/ 美:/rɪ'mɛmbɚ/,vt. 记得；牢记；纪念；代…问好 vi. 记得，记起,
1357,remove,英:/rɪˈmuːv/ 美:/rɪˈmuːv/,vt. 移开；拿开；去掉；除去；调动 n.【正式】距离；差距；间距,
1358,rent,英:/rent/ 美:/rent/,n. 租金 vt. 租借；出租；租用,
1359,repair,英:/rɪˈpeə(r)/ 美:/rɪˈper/,vi. 修复；修理 vt. 恢复；修理；补救，纠正,
1360,repeat,英:/rɪ'piːt/ 美:/rɪ'pit/,vt. 重复；复制；背诵 n. 重复；副本,
1361,reply,英:/rɪ'plaɪ/ 美:/rɪ'plai/,vi. 回答；回击；答辩 n. 回答；答辩,
1362,report,英:/rɪ'pɔːt/ 美:/rɪ'pɔrt/,n. 报告；报道；成绩单 vt. 报告；报导；使报到,
1363,reporter,英:/rɪˈpɔːtə(r)/ 美:/rɪˈpɔːrtər/,n. 记者,
1364,represent,英:/ˌreprɪˈzent/ 美:/ˌreprɪˈzent/,vt. 表现；表示；描绘；代表；象征；说明；阐明 vi. 提出异议,
1365,representative,英:/ˌreprɪˈzentətɪv/ 美:/ˌreprɪˈzentətɪv/,n. 代表；众议员；典型 adj. 代表的；典型的；代表制的,
1366,request,英:/rɪˈkwest/ 美:/rɪˈkwest/,n. 请求；需要 vt. 要求，请求,
1367,respect,英:/rɪˈspekt/ 美:/rɪˈspekt/,n. 尊敬，尊重；方面；敬意 vt. 尊敬，尊重；遵守,
1368,responsible,英:/rɪˈspɒnsəbl/ 美:/rɪˈspɑːnsəbl/,adj. 有责任的；负责的；责任重大的；可靠的,
1369,rest,英:/rest/ 美:/rɛst/,n. 休息，睡眠；静止；支持物；剩余部分，余下的人或物 vt. & vi.（使）休息；（使）倚靠，支撑；停止，不再谈论,
1370,restaurant,英:/ˈrest(ə)rɒnt/ 美:/'rɛstrɑnt/,"n. 饭店, 餐馆",
1371,restrict,英:/rɪˈstrɪkt/ 美:/rɪˈstrɪkt/,vt. 限制；限定；约束,
1372,result,英:/rɪ'zʌlt/ 美:/rɪ'zʌlt/,n. 结果；成绩；答案；比赛结果 vi. 产生；结果；导致,
1373,return,英:/rɪˈtɜːn/ 美:/rɪˈtɜːrn/,vt. 返回；报答 n. 返回；归还；回球,
1374,reward,英:/rɪˈwɔːd/ 美:/rɪˈwɔːrd/,n. 报酬；酬谢；报答 vt. 奖赏；奖励,
1375,rice,英:/rais/ 美:/raɪs/,n. 稻；米饭 vt. 把…捣成米糊状,
1376,rich,英:/rɪtʃ/ 美:/rɪtʃ/,adj. 富有的；肥沃的；昂贵的,
1377,rid,英:/rɪd/ 美:/rɪd/,vt. 使去掉；使摆脱,
1378,ride,英:/raɪd/ 美:/raɪd/,vi. 骑马；乘车；漂浮；依靠 vt. 骑；乘；控制,
1379,right,英:/raɪt/ 美:/raɪt/,adj. 正确的；右方的；直接的 vi. 恢复平稳；复正,
1380,ring,英:/rɪŋ/ 美:/rɪŋ/,vi. 按铃；敲钟；回响；成环形 n. 铃声，钟声；环形物；拳击场；戒指,
1381,rise,英:/raɪz/ 美:/raɪz/,vi. 上升；起立；高耸；增强 vt. 使…飞起；使…浮上水面,
1382,risk,英:/rɪsk/ 美:/rɪsk/,n. 危险；风险；冒险 vt. 冒…的危险,
1383,river,英:/'rɪvə/ 美:/'rɪvɚ/,n. 河，江,
1384,rob,英:/rɒb/ 美:/rɑːb/,vt. 抢劫；使…丧失；非法剥夺 vi. 抢劫；掠夺,
1385,rock,英:/rɒk/ 美:/rɑːk/,n. 岩石；暗礁；摇滚乐 vt. 摇动；使摇晃,
1386,roll,英:/rəʊl/ 美:/roʊl/,vt. 滚动，转动；卷；辗 vi. 滚动；转动；起伏，摇晃；卷,
1387,romantic,英:/rəʊˈmæntɪk/ 美:/roʊˈmæntɪk/,adj. 浪漫的；空想的；多情的 n. 浪漫的人,
1388,roof,英:/ruːf/ 美:/ruːf/,n. 屋顶；最高处，顶部；最高限度 vt. 给…盖屋顶，覆盖,
1389,room,英:/ruːm/ 美:/rum/,n. 房间；空间；机会；余地 vt. 为…提供住处,
1390,root,英:/ruːt/ 美:/ruːt/,n. 根；根源；祖先；词根 vi. 生根；根除,
1391,rope,英:/rəʊp/ 美:/roʊp/,n. 绳，绳索 vt. 捆，绑,
1392,rose,英:/rəuz/ 美:/roz/,n. 玫瑰，蔷薇；玫瑰红 adj. 玫瑰的；玫瑰色的，粉红色的 v. （rise 的过去式）上升；达到较高水平；起立；起床；升起,
1393,rough,英:/rʌf/ 美:/rʌf/,adj. 粗糙的；粗野的；未经加工的；粗略的；艰苦的 vt. 使粗糙；粗暴对待；草拟,
1394,round,英:/raʊnd/ 美:/raʊnd/,n. 圆形物；一回合；圆；循环 adj. 圆的；完全的；大概的；肥胖的,
1395,row,英:/rəʊ/ 美:/ro/,n. 行，排；吵闹；划船；街道 vt. 划船；使……成排,
1396,royal,英:/ˈrɔɪəl/ 美:/ˈrɔɪəl/,adj. 皇家的；盛大的；高贵的；女王的；第一流的 n. 王室成员；王室,
1397,rub,英:/rʌb/ 美:/rʌb/,vt. 擦；摩擦；惹怒 vi. 摩擦；擦；擦破,
1398,rubber,英:/ˈrʌbə(r)/ 美:/ˈrʌbər/,n. 橡胶；橡皮；合成橡胶；按摩师 adj. 橡胶制成的,
1399,rude,英:/ruːd/ 美:/ruːd/,adj. 粗鲁的；无礼的；狂暴的；未开化的,
1400,ruin,英:/ˈruːɪn/ 美:/ˈruːɪn/,n. 毁坏；灭亡；废墟 vt. 毁灭；使破产,
1401,rule,英:/ruːl/ 美:/ruːl/,vi. 统治；裁定；管辖 n. 规则；统治,
1402,ruler,英:/'ruːlə/ 美:/'rulɚ/,n. 尺；划线板，划线的人；统治者,
1403,run,英:/rʌn/ 美:/rʌn/,v. 跑；行驶；运转；运营；持续；蔓延；传播；竞选；遭遇；熔化；褪色；流 n. 路程；奔跑；趋向 adj. 熔化的；浇铸的；洄游的,
1404,rush,英:/rʌʃ/ 美:/rʌʃ/,n. 匆促；急流；冲进；灯心草 adj. 急需的,
1405,sad,英:/sæd/ 美:/sæd/,adj. 悲哀的，令人悲痛的；难过的；凄惨的，阴郁的（形容颜色）,
1406,safe,英:/seɪf/ 美:/seɪf/,adj. 安全的；可靠的；平安的 n. 保险箱；冷藏室；纱橱,
1407,safety,英:/ˈseɪfti/ 美:/ˈseɪfti/,n. 安全；保险；安全设备；保险装置；安打,
1408,sail,英:/seɪl/ 美:/seɪl/,vi. 航行；启航，开船 n. 帆，篷；航行,
1409,salary,英:/ˈsæləri/ 美:/ˈsæləri/,n. 薪水,
1410,sale,英:/seɪl/ 美:/seɪl/,n. 出售；销售额；拍卖；销售；廉价出售,
1411,salt,英:/sɔːlt/ 美:/sɔlt/,n. 盐；风趣，刺激性 adj. 含盐的，咸味的；咸水的；盐腌的；猥亵的,
1412,same,英:/seɪm/ 美:/sem/,adj. 相同的；同一的；无变化的；上述的（通常与the连用） pron. 同样的事物或人（通常与the连用）,
1413,sand,英:/sænd/ 美:/sænd/,n. 沙；沙子；沙滩；沙地；沙洲 vt. 撒沙于；以沙掩盖；用砂纸等擦平或磨光某物；使撒沙似地布满；给…掺沙子,
1414,sandwich,"英:/ˈsænwitʃ,-dʒ/ 美:/ˈsændˌwɪtʃ/",n. 三明治 vt. 插入；夹在中间,
1415,satisfaction,英:/ˌsætɪsˈfækʃn/ 美:/ˌsætɪsˈfækʃn/,n. 满意；赔偿；乐事；妥善处理；确信,
1416,satisfactory,英:/ˌsætɪsˈfæktəri/ 美:/ˌsætɪsˈfæktəri/,adj. 令人满意的,
1417,satisfy,英:/'sætɪsfaɪ/ 美:/'sætɪsfaɪ/,vi. 令人满意；令人满足 vt. 满足；使满意，使高兴；说服，使相信,
1418,sauce,英:/sɔːs/ 美:/sɔːs/,n. 调味汁；沙司；酱油 vt. 使增加趣味；给…调味,
1419,save,英:/seɪv/ 美:/seɪv/,vt. 节省；保存；解救；储蓄 vi. 节省；求救；挽救,
1420,scatter,英:/ˈskætə(r)/ 美:/ˈskætər/,vi. 分散，散开；散射 vt. 使散开，使分散；使散射；使散播，使撒播,
1421,scene,英:/siːn/ 美:/siːn/,n. 情景；景象；场面；事件,
1422,school,英:/skuːl/ 美:/skul/,n. 学校；学派；学院；鱼群 vt. 教育,
1423,science,英:/'saiəns/ 美:/ˈsaɪəns/,n. 科学；理科；技术；学科,
1424,scientist,英:/'saɪəntɪst/ 美:/'saɪəntɪst/,n. 科学家,
1425,scissors,英:/'sɪzəz/ 美:/'sɪzɚz/,n. 剪刀；剪式跳法 v. 剪开；删除（scissor的第三人称单数）,
1426,score,英:/skɔː/ 美:/skɔ/,n. 刻痕；配乐；分数；二十 vt. 评价；获得；划线，刻划；把…记下,
1427,screen,英:/skriːn/ 美:/skrin/,n. 屏幕，荧光屏；银幕；(统称)电影，电视；隔板，屏风；掩蔽物；纱窗；围屏 v. 掩藏，保护；庇护；筛查，检查；审查，调查（看是否可靠）；放映（电影），播放（电视节目）,
1428,screw,英:/skruː/ 美:/skruː/,vt. 旋，拧；压榨；强迫  n. 螺旋；螺丝钉；吝啬鬼  vi. 转动，拧,
1429,sea,英:/siː/ 美:/si/,n. 海洋；海；许多；大量,
1430,search,英:/sɜːtʃ/ 美:/sɝtʃ/,vi. 搜寻；调查；探求 vt. 搜索；搜寻；搜查；调查；探求,
1431,season,英:/'siːz(ə)n/ 美:/'sizn/,n. 时期；季节；赛季 vt. 给…调味；使适应,
1432,seat,英:/siːt/ 美:/sit/,n. 座位；所在地；职位 vt. 使…坐下；可容纳…的；使就职,
1433,second,英:/'sek(ə)nd/ 美:/'sɛkənd/,n. 秒；瞬间；二等品；第二名 vt. 支持,
1434,secret,英:/ˈsiːkrət/ 美:/ˈsiːkrət/,n. 秘密；秘诀；机密 adj. 秘密的；机密的,
1435,secretary,英:/ˈsekrətri/ 美:/ˈsekrəteri/,n. 部长；秘书；书记；大臣；写字台,
1436,see,英:/siː/ 美:/si/,vt. 看见；领会；理解 vi. 看；看见；领会,
1437,seed,英:/siːd/ 美:/siːd/,n. 种子；萌芽；原由；根据；子孙；精液 vt. 播种；结实；成熟；去…籽,
1438,seem,英:/siːm/ 美:/sim/,vi. 似乎；像是；装作,
1439,sell,英:/sel/ 美:/sel/,vt. 销售；出卖；推销；欺骗 vi. 卖；出售；有销路；受欢迎,
1440,send,英:/send/ 美:/sɛnd/,vt. 发送，寄；派遣；发射；使进入 vi. 派人；寄信,
1441,sensible,英:/ˈsensəbl/ 美:/ˈsensəbl/,adj. 明智的；意识到的；通晓事理的；明显的 n. 可感觉到的东西；敏感的人,
1442,sentence,英:/ˈsentəns/ 美:/ˈsentəns/,n. 宣判，判决；句子，命题 vt. 判决，宣判,
1443,separate,英:/ˈseprət/ 美:/ˈseprət/,vt. 使分离；使分居；使分开 vi. 分开；分居；隔开,
1444,series,英:/ˈsɪəriːz/ 美:/ˈsɪriːz/,n. 系列，连续；丛书；[电]串联；[数]级数,
1445,servant,英:/ˈsɜːvənt/ 美:/ˈsɜːrvənt/,n. 仆人，佣人；公务员；雇工,
1446,serve,英:/sɜːv/ 美:/sɜːrv/,v. 提供（食物或饮料）；为…工作；为…服务；尽职责；可作…用；（在网球等体育运动中）发（球）,
1447,service,英:/ˈsɜːvɪs/ 美:/ˈsɜːrvɪs/,n. 服务，服侍；服役；仪式 adj. 服现役的；服务性的；耐用的,
1448,set,英:/set/ 美:/set/,n. 集合；一套；布景；装置；趋势 vt. 树立；点燃；放；点缀；使凝结,
1449,settle,英:/ˈsetl/ 美:/ˈsetl/,vi. 定居；下陷；解决；沉淀 vt. 解决；安排；使…定居,
1450,seven,英:/'sev(ə)n/ 美:/'sɛvn/,num. 七个，七 n. 七个，七,
1451,several,英:/'sev(ə)r(ə)l/ 美:/'sɛvrəl/,adj. 几个的；各自的 pron. 几个；数个,
1452,severe,英:/sɪˈvɪə(r)/ 美:/sɪˈvɪr/,adj. 严厉的；苛刻的；剧烈的；严峻的,
1453,sew,英:/səʊ/ 美:/soʊ/,vt. 缝合，缝上；缝纫 vi. 缝纫，缝,
1454,sex,英:/seks/ 美:/seks/,"n. 性别; 性 男性; 女性 性关系 性活动, 性行为",
1455,sexual,英:/'sekʃʊəl/ 美:/'sɛʃʊəl/,adj. 性的；性欲的；有性生殖的；性别的,
1456,shade,英:/ʃeɪd/ 美:/ʃeɪd/,n. 树荫；阴影；阴凉处；遮阳物；（照片等的）明暗度；少量、些微；细微的差别 vt. 为…遮阳；使阴暗；使阴郁；掩盖；使渐变,
1457,shadow,英:/ˈʃædəʊ/ 美:/ˈʃædoʊ/,n. 影子；阴影；庇护；幽灵；隐蔽处 vt. 遮蔽；尾随；预示；使朦胧,
1458,shake,英:/ʃeɪk/ 美:/ʃek/,vt. 摇动；动摇；震动 vi. 摇动；发抖；动摇,
1459,shall,英:/ʃæl/ 美:/ʃəl/,aux. 将；必须；会；应,
1460,shame,英:/ʃeɪm/ 美:/ʃem/,n. 羞耻，羞愧；憾事，带来耻辱的人 vt. 使丢脸，使羞愧,
1461,shape,英:/ʃeɪp/ 美:/ʃep/,n. 形状；具体化；模型；身材 vt. 塑造，使成形；形成；使符合,
1462,share,英:/ʃeə(r)/ 美:/ʃer/,vt. 分享，分担；分配 vi. 分担；共享,
1463,she,英:/ʃi:/ 美:/ʃi/,pron. 她（主格）,
1464,sharp,英:/ʃɑːp/ 美:/ʃɑːrp/,adj. 急剧的；锋利的；刺耳的；敏捷的；强烈的 adv. 锐利地；急剧地；突然地,
1465,sheep,英:/ʃiːp/ 美:/ʃiːp/,n. 羊，绵羊；胆小鬼,
1466,sheet,英:/ʃiːt/ 美:/ʃiːt/,n. 薄片，纸张；床单；薄板 vt. 盖上被单；覆盖；使成大片,
1467,shelf,英:/ʃelf/ 美:/ʃelf/,n. 搁板；架子；搁板状物,
1468,shelter,英:/ˈʃeltə(r)/ 美:/ˈʃeltər/,n. 避难所；遮盖物；庇护 vt. 使掩蔽；保护,
1469,shine,英:/ʃaɪn/ 美:/ʃaɪn/,vi. 照耀；显露；出众 n. 光泽；擦亮；晴天,
1470,ship,英:/ʃɪp/ 美:/ʃɪp/,vt. 运送，乘船；以船运送 vi. 当船员；上船；乘船旅行,
1471,shirt,英:/ʃɜːt/ 美:/ʃɝt/,n. 衬衫；汗衫，内衣,
1472,shock,英:/ʃɒk/ 美:/ʃɑːk/,n. 打击；震动；震惊；休克；禾束堆 vt. 使震动；使震惊；使受电击；使休克；把…堆成禾束堆,
1473,shocking,英:/'ʃɒkɪŋ/ 美:/'ʃɑkɪŋ/,adj. 令人震惊的；糟糕的；可怕的，令人厌恶的 v. 感到震惊；震动；冲突（shock的ing形式）,
1474,shoe,英:/ʃuː/ 美:/ʃu/,n. 鞋；蹄铁；外胎 vt. 给……穿上鞋；穿……鞋,
1475,shoot,英:/ʃuːt/ 美:/ʃuːt/,vt. 射击，射中；拍摄；发芽；使爆炸；给…注射  vi. 射击；发芽；拍电影  n. 射击；摄影；狩猎；急流,
1476,shop,英:/ʃɒp/ 美:/ʃɑp/,n. 商店；店铺 vt. 购物,
1477,shore,英:/ʃɔː(r)/ 美:/ʃɔːr/,n. 岸；滨,
1478,shot,英:/ʃɒt/ 美:/ʃɑːt/,n. 发射；炮弹；射手 adj. 用尽的；破旧的；杂色的，闪光的,
1479,should,英:/ʃʊd/ 美:/ʃəd/,aux. 应该；将要；可能；就,
1480,shoulder,英:/'ʃəʊldə/ 美:/'ʃoldɚ/,n. 肩，肩膀；肩部 vt. 肩负，承担,
1481,shout,英:/ʃaʊt/ 美:/ʃaʊt/,vi. 呼喊；喊叫；大声说 vt. 呼喊；大声说,
1482,show,英:/ʃəʊ/ 美:/ʃo/,vt. 显示；演出；展出；说明 vi. 显示；指示；说明,
1483,shut,英:/ʃʌt/ 美:/ʃʌt/,vt. 关闭；停业；幽禁 vi. 关上；停止营业,
1484,shy,英:/ʃaɪ/ 美:/ʃaɪ/,adj. 害羞的；畏缩的，胆怯的 vi. 惊退；厌恶；畏缩；投,
1485,sick,英:/sɪk/ 美:/sɪk/,n. 病人 adj. 厌恶的，病态的，不舒服，渴望的，恶心的,
1486,side,英:/saɪd/ 美:/saɪd/,n. 方面；侧面；旁边 vi. 支持；赞助；偏袒,
1487,sideways,英:/ˈsaɪdweɪz/ 美:/ˈsaɪdweɪz/,adv. 向侧面地；向一旁 adj. 向侧面的；一旁的,
1488,sight,英:/saɪt/ 美:/saɪt/,n. 视力；眼界；景象；见解 vt. 看见；瞄准,
1489,sign,英:/saɪn/ 美:/saɪn/,n. 符号；记号；迹象；手势 vi. 签名；签署,
1490,signal,英:/ˈsɪɡnəl/ 美:/ˈsɪɡnəl/,n. 信号；暗号；导火线 vt. 用信号通知；标志,
1491,silence,英:/'saɪləns/ 美:/'saɪləns/,n. 寂静；无声状态；不谈；缄默；沉默 vt. 使沉默；使安静；压制；消除噪音,
1492,silent,英:/'saɪlənt/ 美:/'saɪlənt/,adj. 沉默的；寂静的；无记载的 n. 无声电影,
1493,silk,英:/sɪlk/ 美:/sɪlk/,n. 蚕丝；丝绸；丝织物 adj. 丝的；丝制的；丝绸的,
1494,silly,英:/'sɪlɪ/ 美:/'sɪli/,adj. 愚蠢的 n. 傻瓜,
1495,silver,英:/'sɪlvə/ 美:/'sɪlvɚ/,n. 银；银器；餐具；银币；银质奖章；银灰色 adj. 银的；含银的；有银色光泽的；口才流利的；第二十五周年的婚姻,
1496,similar,英:/'sɪmɪlə/ 美:/'sɪməlɚ/,adj. 相似的 n. 类似物,
1497,simple,英:/'sɪmp(ə)l/ 美:/'sɪmpl/,adj. 简单的；单纯的；天真的 n. 愚蠢的行为；笨蛋；出身低微者,
1498,since,英:/sɪns/ 美:/sɪns/,conj. 既然；因为；由于；自…以来；自…以后 prep. 自…以来；自…以后,
1499,sincere,英:/sɪnˈsɪə(r)/ 美:/sɪnˈsɪr/,adj. 真诚的；诚挚的；真实的,
1500,sing,英:/sɪŋ/ 美:/sɪŋ/,vi. 唱歌；鸣叫；歌颂；呼号 vt. 唱；用诗赞颂；唱着使,
1501,single,英:/'sɪŋg(ə)l/ 美:/'sɪŋɡl/,adj. 单一的；单身的；单程的 n. 单打；单程票；一个,
1502,singular,英:/ˈsɪŋɡjələ(r)/ 美:/ˈsɪŋɡjələr/,adj. [语]单数的；单一的；非凡的；异常的 n. [语]单数,
1503,sink,英:/sɪŋk/ 美:/sɪŋk/,vi. 下沉；消沉；渗透 vt. 使下沉；挖掘；使低落,
1504,sister,英:/'sɪstə/ 美:/'sɪstɚ/,n. 姐妹；修女；护士 vt. 姐妹般对待,
1505,sit,英:/sɪt/ 美:/sɪt/,vi. 坐；位于 vt. 使就座,
1506,situation,英:/sɪtjʊ'eɪʃ(ə)n/ 美:/ˌsɪtʃu'eʃən/,n. 形势；局面；位置；职位；处境；状况,
1507,six,英:/sɪks/ 美:/sɪks/,num. 六，六个 n. 六，六个,
1508,size,英:/saɪz/ 美:/saɪz/,n. 大小；尺寸 adj. 一定尺寸的,
1509,skilful,英:/'skɪlfʊl/ 美:/ˈskɪlfəl/,adj. （英）熟练的；灵巧的；技术好的（等于skillful）,
1510,skill,英:/skɪl/ 美:/skɪl/,n. 技能，技巧；本领，技术,
1511,skin,英:/skɪn/ 美:/skɪn/,n. 皮肤；外皮 vt. 剥皮,
1512,skirt,英:/skɜːt/ 美:/skɜːrt/,n. 裙子 vt. 绕过，回避；位于…边缘,
1513,sky,英:/skaɪ/ 美:/skaɪ/,n. 天空；顶点 vt. 把…投向空中；把…挂得过高,
1514,sleep,英:/sliːp/ 美:/slip/,vi. 睡，睡觉 n. 睡眠,
1515,sleeve,英:/sliːv/ 美:/sliːv/,n. 袖子，袖套；套筒，套管 vt. 给……装袖子；给……装套筒,
1516,slide,英:/slaɪd/ 美:/slaɪd/,n. 幻灯片；滑动；滑梯；雪崩 vi. 滑动；滑落；不知不觉陷入,
1517,slight,英:/slaɪt/ 美:/slaɪt/,adj. 轻微的，少量的；脆弱的；细长的；不重要的 vt. 怠慢；轻视，忽略,
1518,slippery,英:/ˈslɪpəri/ 美:/ˈslɪpəri/,adj. 滑的；狡猾的；不稳定的,
1519,slope,英:/sləʊp/ 美:/sloʊp/,n. 倾斜；斜率；斜坡；扛枪姿势 vi. 倾斜；逃走,
1520,slow,英:/sləʊ/ 美:/slo/,adj. 慢的；减速的；迟钝的 vi. 变慢；变萧条,
1521,small,英:/smɔːl/ 美:/smɔl/,adj. 少的，小的；不重要的；几乎没有的；微弱的；幼小的 adv. 小小地；卑鄙地,
1522,smart,英:/smɑːt/ 美:/smɑrt/,adj. 时髦的；漂亮的；聪明的；敏捷的；整洁的；厉害的 vi. 刺痛；难过；烦恼 n. 刺痛；苦恼 adv. （=smartly）,
1523,smell,英:/smel/ 美:/smɛl/,vi. 嗅，闻；有…气味 vt. 嗅，闻；察觉到；发出…的气味,
1524,smile,英:/smaɪl/ 美:/smaɪl/,vi. 微笑 n. 微笑；笑容；喜色,
1525,smoke,英:/sməʊk/ 美:/smok/,n. 烟；抽烟；无常的事物 vi. 冒烟，吸烟；抽烟；弥漫,
1526,smooth,英:/smuːð/ 美:/smuːð/,adj. 光滑的；顺利的；平稳的 vt. 使光滑；缓和；消除（障碍等）；使优雅,
1527,snake,英:/sneɪk/ 美:/snek/,n. 蛇；阴险的人 vi. 迂回前进,
1528,snow,英:/snəʊ/ 美:/sno/,n. 雪，积雪；下雪 vi. 降雪,
1529,so,英:/səʊ/ 美:/so/,adv. 如此，这么；确是如此 conj. 所以；因此,
1530,soap,英:/səʊp/ 美:/soʊp/,n. 肥皂 vt. 将肥皂涂在……上；对……拍马屁（俚语）,
1531,social,英:/'səʊʃ(ə)l/ 美:/'soʃl/,adj. 社会的，社交的；群居的 n. 联欢会；联谊会,
1532,society,英:/sə'saɪətɪ/ 美:/sə'saɪəti/,n. 社会；社交界；交往；社团,
1533,sock,英:/sɒk/ 美:/sɑːk/,n. 短袜；一击 vt. 重击；给……穿袜,
1534,soft,英:/sɒft/ 美:/sɔft/,adj. 温柔的，温和的；软的，柔软的；笨的；软弱的 adv. 柔软地；温和地,
1535,software,英:/ˈsɒftweə(r)/ 美:/ˈsɔːftwer/,n. 软件,
1536,soil,英:/sɔɪl/ 美:/sɔɪl/,n. 土地；土壤；国家；粪便；务农；温床  vt.&vi. 弄脏；污辱,
1537,soldier,英:/ˈsəʊldʒə(r)/ 美:/ˈsoʊldʒər/,n. 军人；兵蚁；懒汉；[口]一片烤面包 vi. [口]磨洋工；当兵；坚持干；假称害病,
1538,solid,英:/ˈsɒlɪd/ 美:/ˈsɑːlɪd/,adj. 固体的；结实的；可靠的；一致的；立体的 n. 固体；立方体,
1539,solution,英:/səˈluːʃn/ 美:/səˈluːʃn/,n. 解决方案；溶液；溶解；解答,
1540,solve,英:/sɒlv/ 美:/sɔlv/,vt. 解决；解答；溶解 vi. 作解答,
1541,some,英:/sʌm/ 美:/səm/,adj. 一些；大约；某一 pron. 一些；若干,
1542,somehow,英:/ˈsʌmhaʊ/ 美:/ˈsʌmhaʊ/,adv. 莫名其妙地；以某种方法,
1543,someone,英:/'sʌmwʌn/ 美:/'sʌmwʌn/,pron. 有人，某人,
1544,something,英:/'sʌmθɪŋ/ 美:/'sʌmθɪŋ/,"pron. 某物, 某事 重要的事物[人], 有一定意义的事物",
1545,sometimes,英:/'sʌmtaɪmz/ 美:/'sʌmtaɪmz/,adv. 有时；间或,
1546,somewhere,英:/'sʌmweə/ 美:/'sʌmwɛr/,adv. 在某处；到某种程度；大约 n. 某处,
1547,son,英:/sʌn/ 美:/sʌn/,n. 儿子；男性后裔；孩子（对年轻人的称呼）,
1548,song,英:/sɒŋ/ 美:/sɔŋ/,n. 歌曲；歌唱；(鸟等)鸣声,
1549,soon,英:/suːn/ 美:/sun/,adv. 快；立刻；不久，一会儿；宁愿,
1550,sore,英:/sɔː(r)/ 美:/sɔːr/,adj. 疼痛的；痛心的；恼火的；严重的 n. 痛处；伤口,
1551,sorry,英:/'sɒrɪ/ 美:/'sɔri/,adj. 对不起的，抱歉的；遗憾的 int. 对不起，抱歉（表示委婉的拒绝等）,
1552,sort,英:/sɔːt/ 美:/sɔːrt/,n. 种类；方式；品质 vi. 分类；交往；协调,
1553,soul,英:/səʊl/ 美:/soʊl/,n. 灵魂；精神；心灵；鬼魂 adj. 美国黑人文化的,
1554,sound,英:/saʊnd/ 美:/saʊnd/,vt. 使发声；听（诊）；测量，测…深；宣告；试探 n. 声音，语音；海峡；吵闹；噪音；听力范围；探条,
1555,soup,英:/suːp/ 美:/sup/,n. 汤，羹；马力 vt. 加速；增加马力,
1556,sour,英:/ˈsaʊə(r)/ 美:/ˈsaʊər/,adj. 酸的；酸臭的；讨厌的；刺耳的；发酵的 vi. 变酸；厌烦；发酵,
1557,southern,英:/'sʌð(ə)n/ 美:/'sʌðɚn/,adj. 南方的；南的 n. 南方人,
1558,space,英:/speɪs/ 美:/spes/,n. 空间；距离；太空 vi. 留间隔,
1559,spacecraft,英:/ˈspeɪskrɑːft/ 美:/ˈspeɪskræft/,n. 宇宙飞船,
1560,speak,英:/spiːk/ 美:/spik/,vi. 说话；演讲；陈述；表明 vt. 讲话；发言；讲演,
1561,special,英:/'speʃ(ə)l/ 美:/'spɛʃl/,adj. 特别的；特殊的；专门的 n. 特别的东西；特刊；特色菜；特价,
1562,specific,英:/spəˈsɪfɪk/ 美:/spəˈsɪfɪk/,adj. 特殊的，特定的；明确的；详细的；具有特效的 n. 特效药；细节；特性,
1563,speech,英:/spiːtʃ/ 美:/spiːtʃ/,n. 演说；演讲；讲话；语音,
1564,speed,英:/spiːd/ 美:/spid/,vi. 加速，迅速前行；超速，加速；兴隆 n. 速度，速率；迅速，快速；昌盛，繁荣,
1565,spell,英:/spel/ 美:/spel/,vt. 拼，拼写；拼成；意味着；迷住；招致；轮值 n. 符咒；一段时间；魅力,
1566,spend,英:/spend/ 美:/spɛnd/,vt. 花费；度过，消磨（时光）；用尽；浪费 vi. 花钱；用尽，耗尽,
1567,spice,英:/spaɪs/ 美:/spaɪs/,n. 香料；情趣；调味品；少许 vt. 加香料于…；使…增添趣味,
1568,spicy,英:/'spaɪsɪ/ 美:/'spaɪsi/,adj. 辛辣的；香的，多香料的；下流的,
1569,spin,英:/spɪn/ 美:/spɪn/,vi. 旋转；纺纱；吐丝；晕眩 vt. 使旋转；纺纱；编造；结网 n. 旋转；疾驰,
1570,split,英:/splɪt/ 美:/splɪt/,vt. 劈开；分离；使分离；离开 vi. 被劈开；断绝关系；离开,
1571,spoil,英:/spɔɪl/ 美:/spɔɪl/,vt. 溺爱；糟蹋；掠夺 vi. 变坏；掠夺；腐败,
1572,spoon,英:/spuːn/ 美:/spʊn/,n. 匙，勺子；一杓的量 vt. 用匙舀；使成匙状,
1573,sport,英:/spɔːt/ 美:/spɔːrt/,n. 运动；运动会；游戏；娱乐；玩笑 vi. 游戏,
1574,spot,英:/spɒt/ 美:/spɑːt/,n. 斑点；地点 vt. 认出；弄脏；用灯光照射,
1575,spread,英:/spred/ 美:/sprɛd/,vi. 传播；伸展 vt. 传播，散布；展开；伸展；铺开,
1576,spring,英:/sprɪŋ/ 美:/sprɪŋ/,n. 春天；弹簧；泉水；跳跃；活力 adj. 春天的,
1577,square,英:/skweə(r)/ 美:/skwer/,adj. 直角的；正方形的；正直的；平方的 vt. 使成方形；与…一致,
1578,stage,英:/steɪdʒ/ 美:/steɪdʒ/,n. 舞台；戏剧；驿站；阶段 vt. 上演；举行；筹划,
1579,stair,英:/steə(r)/ 美:/ster/,n. 楼梯，阶梯；梯级,
1580,stamp,英:/stæmp/ 美:/stæmp/,n. 邮票；印记；跺脚；标志 vt. 铭记；标出；盖章于…；贴邮票于…；用脚踩踏,
1581,stand,英:/stænd/ 美:/stænd/,vi. 位于；站立；停滞 vt. 忍受；使站立；抵抗,
1582,standard,英:/ˈstændəd/ 美:/ˈstændərd/,n. 标准；度量衡标准；旗；水准 adj. 标准的；合规格的；公认为优秀的,
1583,star,英:/stɑː/ 美:/stɑr/,n. 星，恒星；明星；星形物 vt. 用星号标于；由…主演，由…担任主角,
1584,start,英:/stɑːt/ 美:/stɑːrt/,vt. 开始；启动 vi. 出发,
1585,state,英:/steɪt/ 美:/steɪt/,n. 情形；国家；州 vt. 陈述；规定；声明,
1586,statement,英:/ˈsteɪtmənt/ 美:/ˈsteɪtmənt/,"n. 声明, 陈述 结算单, 报表",
1587,station,英:/'steɪʃ(ə)n/ 美:/'steʃən/,n. 站；地位；身份；驻地 vt. 配置；驻扎；安置,
1588,stay,英:/steɪ/ 美:/ste/,vi. 停留；暂住；停下；坚持 vt. 暂住；抑制；坚持,
1589,steady,英:/ˈstedi/ 美:/ˈstedi/,adj. 稳定的；不变的；沉着的 vi. 稳固,
1590,steal,英:/stiːl/ 美:/stiːl/,vt. 剽窃；偷偷地做；偷窃 vi. 窃取；偷偷地行动；[棒球]偷垒,
1591,steam,英:/stiːm/ 美:/stiːm/,vt. 蒸，散发；用蒸汽处理 n. 蒸汽；精力,
1592,steel,英:/stiːl/ 美:/stiːl/,n. 钢铁；钢制品；坚固 vt. 钢化；使冷酷,
1593,steep,英:/stiːp/ 美:/stiːp/,adj. 陡峭的；夸大的；不合理的；急剧升降的 vt. 浸；泡；使…充满,
1594,stem,英:/stem/ 美:/stem/,n. 茎；干；船首；血统 vt. 除去…的茎；给…装柄；阻止,
1595,step,英:/step/ 美:/stɛp/,n. 步，脚步；步伐；步骤；梯级 vi. 走；踏，踩,
1596,stick,英:/stɪk/ 美:/stɪk/,n. 手杖；枝；杆 vt. 刺入；插于；竖起 vi. 钉住；坚持，遵守；粘贴；生效，起作用,
1597,sticky,英:/ˈstɪki/ 美:/ˈstɪki/,adj. 粘的；粘性的,
1598,stiff,英:/stɪf/ 美:/stɪf/,adj. 严厉的；呆板的；坚硬的；拘谨的；艰难的 adv. 彻底地；僵硬地,
1599,still,英:/stɪl/ 美:/stɪl/,adv. 更；仍然；静止地 adj. 静止的，不动的；寂静的，平静的；不起泡的,
1600,sting,英:/stɪŋ/ 美:/stɪŋ/,n. 刺痛；刺毛；讽刺，刺激 vt. 驱使；刺；使…苦恼；使…疼痛,
1601,stomach,英:/ˈstʌmək/ 美:/ˈstʌmək/,n. 胃；胃口；腹部 vt. 忍受；吃下,
1602,stone,英:/stəʊn/ 美:/ston/,n. 石头；宝石；结石 adj. 石的，石制的,
1603,stop,英:/stɒp/ 美:/stɑp/,vt. 堵塞；停止；断绝 vi. 停止；被塞住；中止；逗留,
1604,store,英:/stɔː(r)/ 美:/stɔːr/,n. 储备，贮藏；仓库；商店 vt. 贮藏，储存,
1605,storm,英:/stɔːm/ 美:/stɔrm/,n. 暴风雨；大动荡 vi. 起风暴；横冲直撞；狂怒咆哮,
1606,story,英:/'stɔːrɪ/ 美:/'stɔri/,n. 故事；来历；新闻报道；小说；[口]假话 vt. 用历史故事画装饰,
1607,straight,英:/streɪt/ 美:/stret/,adj. 直的；正直的；整齐的；连续的；笔直的 adv. 直接地；坦率地；立即；不断地,
1608,stream,英:/striːm/ 美:/striːm/,n. 溪流；流动；光线；潮流 vi. 流；涌进；飘扬,
1609,street,英:/stri:t/ 美:/strit/,n. 街道 adj. 街道的,
1610,strength,英:/streŋθ/ 美:/streŋθ/,n. 力量；力气；长处；兵力,
1611,stretch,英:/stretʃ/ 美:/stretʃ/,v. 伸展；延伸；张开；夸大 n. 伸展；张开；弹性；一段时间；刑期 adj. 可伸缩的,
1612,strict,英:/strɪkt/ 美:/strɪkt/,adj. 严格的；精确的；绝对的；详细的,
1613,strike,英:/straɪk/ 美:/straɪk/,n. 罢工；打击；殴打 v. 打；撞；罢工；划燃,
1614,string,英:/strɪŋ/ 美:/strɪŋ/,n. 线，细绳；一串，一行 vt. 扎，缚；使排成一列，串起；伸展，拉直,
1615,strip,英:/strɪp/ 美:/strɪp/,vt. 剥去；剥夺；脱去衣服 n. 带；条状；脱衣舞,
1616,strong,英:/strɒŋ/ 美:/strɔŋ/,adj. 强壮的；擅长的；坚强的；牢固的 adv. 强劲地；猛烈地,
1617,structure,英:/ˈstrʌktʃə(r)/ 美:/ˈstrʌktʃər/,n. 结构；构造；建筑物 vt. 构造；建造；组织,
1618,struggle,英:/ˈstrʌɡl/ 美:/ˈstrʌɡl/,vi. 挣扎；奋斗，努力 n. 努力，奋斗；竞争,
1619,student,英:/'stjuːd(ə)nt/ 美:/'studnt/,n. 学生；学者,
1620,study,英:/'stʌdɪ/ 美:/'stʌdi/,n. 学习，研究；学问；课题；书房 vt. 学习；攻读；考虑；细察,
1621,stupid,英:/'stjuːpɪd/ 美:/'stupɪd/,adj. 愚蠢的；麻木的；乏味的 n. 傻瓜，笨蛋,
1622,style,英:/staɪl/ 美:/staɪl/,n. 风格；类型；时尚；字体 vt. 设计；称呼；使合潮流,
1623,substance,英:/ˈsʌbstəns/ 美:/ˈsʌbstəns/,n. 实质；物质；财产；内容；重要性,
1624,succeed,英:/sək'siːd/ 美:/sək'sid/,vi. 成功；继承；继任；兴旺 vt. 继承；接替；继…之后,
1625,success,英:/sək'ses/ 美:/sək'sɛs/,n. 成功，成就；胜利；大获成功的人或事物,
1626,successful,英:/sək'sesfʊl/ 美:/sək'sɛsfl/,adj. 成功的; 如愿以偿的; 达到目的,
1627,such,英:/sʌtʃ/ 美:/sʌtʃ/,adj. 这样的，如此的,
1628,suck,英:/sʌk/ 美:/sʌk/,vt. 吸吮；吸取 vi. 吸吮；巴结；[俚]糟糕,
1629,sudden,英:/'sʌd(ə)n/ 美:/'sʌdn/,adj. 突然的，意外的；快速的 n. 突然发生的事,
1630,suffer,英:/ˈsʌfə(r)/ 美:/ˈsʌfər/,vt. 忍受；遭受；经历 vi. 受损害；受痛苦；遭受，忍受；经验,
1631,sugar,英:/ˈʃʊɡə(r)/ 美:/ˈʃʊɡər/,n. 糖；食糖；甜言蜜语 vt. 加糖于；粉饰,
1632,suggest,英:/səˈdʒest/ 美:/səˈdʒest/,vt. 提议，建议；启发；使人想起,
1633,suitable,英:/ˈsuːtəbl/ 美:/ˈsuːtəbl/,adj. 适当的；相配的,
1634,sum,英:/sʌm/ 美:/sʌm/,n. 总数；金额 vi. 概括,
1635,summer,英:/'sʌmə/ 美:/'sʌmɚ/,n. 夏季；全盛时期 vi. 过夏天；避暑,
1636,sun,英:/sʌn/ 美:/sʌn/,n. 太阳；阳光；中心人物 v. 晒太阳,
1637,supply,英:/səˈplaɪ/ 美:/səˈplaɪ/,n. 供给，补给；供应品 vt. 供给，提供；补充,
1638,support,英:/səˈpɔːt/ 美:/səˈpɔːrt/,vt. 支持，支撑，支援；赡养，供养；扶持，帮助 n. 支持，维持；支持者，支撑物；支援，供养,
1639,suppose,英:/sə'pəʊz/ 美:/sə'poz/,vt. 假设；认为；推想；让（虚拟语气） vi. 料想；猜想,
1640,sure,英:/ʃʊə(r)/ 美:/ʃʊr/,adj. 可靠的；必定的；确信的 adv. 当然；的确,
1641,surface,英:/'sɜːfɪs/ 美:/'sɝfɪs/,n. 表面；外观；表层 adj. 表面的，肤浅的,
1642,surprise,英:/sə'praɪz/ 美:/sɚ'praɪz/,n. 惊奇，诧异；突然袭击 vt. 使惊奇；奇袭,
1643,surprising,英:/sə'praɪzɪŋ/ 美:/sɚ'praɪzɪŋ/,"adj. 使人惊讶的, 出人意料的, 惊人的",
1644,surround,英:/səˈraʊnd/ 美:/səˈraʊnd/,vt. 围绕；包围 n. 围绕物,
1645,swallow,英:/ˈswɒləʊ/ 美:/ˈswɑːloʊ/,n. 燕子；吞咽；一次吞咽的量 v. 忍受；吞下；咽下；轻信；不流露感情；收回,
1646,swear,英:/sweə(r)/ 美:/swer/,vt. 发誓；咒骂 vi. 诅咒；发誓，宣誓,
1647,swell,英:/swel/ 美:/swel/,vi. 膨胀；[病理]肿胀；隆起 vt. 使膨胀；使隆起,
1648,swim,英:/swɪm/ 美:/swɪm/,vi. 游泳；浸；漂浮；眩晕 vt. 游过；使浮起,
1649,swing,英:/swɪŋ/ 美:/swɪŋ/,n. 摇摆；秋千；摆动；音律；涨落 vi. 摇摆；转向；悬挂；大摇大摆地行走,
1650,switch,英:/swɪtʃ/ 美:/swɪtʃ/,vt. 转换；用鞭子等抽打 vi. 转换；抽打；[体]换防,
1651,sword,英:/sɔːd/ 美:/sɔːrd/,n. 刀，剑；武力，战争,
1652,symbol,英:/ˈsɪmbl/ 美:/ˈsɪmbl/,n. 符号；象征；标志,
1653,sympathetic,英:/ˌsɪmpəˈθetɪk/ 美:/ˌsɪmpəˈθetɪk/,"adj. 表示同情的 赞同的, 支持的",
1654,sympathy,英:/ˈsɪmpəθi/ 美:/ˈsɪmpəθi/,n. 同情；赞同；慰问,
1655,system,英:/ˈsɪstəm/ 美:/ˈsɪstəm/,n. 系统；制度，体制；方法,
1656,table,英:/ˈteɪbl/ 美:/ˈteɪbl/,n. 桌子；表格；平地层 vt. 嵌合；搁置；制表,
1657,tail,英:/teɪl/ 美:/tel/,n. 尾部；踪迹；辫子；燕尾服 vt. 尾随；装上尾巴,
1658,talk,英:/tɔːk/ 美:/tɔːk/,vt. 说；谈话；讨论 vi. 谈话；说闲话,
1659,tape,英:/teɪp/ 美:/teɪp/,n. 磁带；带子；卷尺；胶带 vt. 录音；用带子捆扎；用胶布把…封住,
1660,taste,英:/teɪst/ 美:/teɪst/,n. 味道；品味；审美 vt. 尝；体验,
1661,tax,英:/tæks/ 美:/tæks/,vt. 向…课税；使负重担 n. 税金；重负,
1662,taxi,英:/'tæksɪ/ 美:/'tæksi/,vi. 乘出租车；滑行 vt. 用出租车送；使滑行,
1663,tea,英:/tiː/ 美:/ti/,n. 茶叶；茶树；茶点 vt. 给…沏茶,
1664,teach,英:/tiːtʃ/ 美:/titʃ/,vt. 教；教授；教导 vi. 讲授；教授；当老师,
1665,teacher,英:/'tiːtʃə/ 美:/'titʃɚ/,n. 教师；导师,
1666,team,英:/tiːm/ 美:/tim/,n. 队；组 vt. 使合作,
1667,tear,英:/tɪə(r)/ 美:/tɪr/,v. 撕掉，扯下；撕破；拔掉；拉伤；（非正式）狂奔；饱经……摧残；流眼泪  n. 眼泪；（撕破的）洞或裂缝， 撕扯,
1668,technical,英:/ˈteknɪkl/ 美:/ˈteknɪkl/,adj. 工艺的， 技术的,
1669,technology,英:/tekˈnɒlədʒi/ 美:/tekˈnɑːlədʒi/,n. 科技(总称); 工艺; 应用科学 工业技术,
1670,teenage,英:/'ti:neidʒ/ 美:/ˈtinˌedʒ/,adj. 青少年的（13至19岁的）；十几岁的,
1671,telephone,英:/ˈtelɪfəʊn/ 美:/ˈtelɪfoʊn/,n. 电话 v. 打电话,
1672,television,英:/'telɪvɪʒ(ə)n/ 美:/'tɛlɪvɪʒn/,n. 电视机；电视节目；电视行业,
1673,tall,英:/tɔːl/ 美:/tɔl/,adj. 高的；长的；夸大的；过分的 adv. 夸大地,
1674,tell,英:/tel/ 美:/tɛl/,vt. 告诉，说；吩咐；辨别；断定 vi. 讲述；告发，泄密；识别,
1675,temper,英:/ˈtempə(r)/ 美:/ˈtempər/,n. 脾气；（钢等）回火；性情；倾向 vt. 调和；锻炼；使缓和；使回火,
1676,temperature,英:/'temp(ə)rətʃə/ 美:/'tɛmprətʃɚ/,"n. 温度, 气温 高烧, 发烧, 发热",
1677,temporary,英:/ˈtemprəri/ 美:/ˈtempəreri/,"adj. 临时的, 暂时的, 短时间的",
1678,ten,英:/ten/ 美:/tɛn/,num. 十个，十,
1679,tend,英:/tend/ 美:/tend/,vi. 趋向，倾向；照料，照顾 vt. 照料，照管,
1680,tennis,/'tenis/,n. 网球（运动） adj. 网球的；用于网球运动的,
1681,tense,英:/tens/ 美:/tens/,adj. 拉紧的；紧张的 vt. 使拉紧；变得紧张,
1682,tent,英:/tent/ 美:/tent/,n. 帐篷；住处；帷幕 vt. 用帐篷遮盖；使在帐篷里住宿,
1683,terrible,英:/ˈterəbəl/ 美:/'tɛrəbl/,adj. 可怕的；很糟的；令人讨厌的 adv. [口]很，非常,
1684,test,英:/test/ 美:/test/,n. 检验；试验 vt. 测试；试验,
1685,than,英:/ðæn/ 美:/ðən/,conj. 比（用于形容词、副词的比较级之后）；除…外（用于other等之后）；与其…（用于 rather等之后）；一…就（用于 no sooner等之后） prep. 比；超过,
1686,thank,英:/θæŋk/ 美:/θæŋk/,vt. 感谢 n. 感谢,
1687,that,英:/ðæt/ 美:/ðæt/,pron. 那；那个 adv. 那么；那样,
1688,the,"英:/ðə/ 美:/ði,ðə/",art. 这；那 adv. 更加（用于比较级，最高级前）,
1689,theater,英:/'θiətə/ 美:/ˈθiətɚ/,n. 电影院，戏院，剧场；戏剧；手术室,
1690,their,英:/ðeə/ 美:/ðɛr/,pron. 他们的，她们的；它们的,
1691,them,英:/ðem/ 美:/ðəm/,pron. 他们；她们；它们,
1692,then,英:/ðen/ 美:/ðɛn/,adv. 当时；然后；那么；于是；此外,
1693,there,英:/ðeə/ 美:/ðɛr/,adv. 在那里；在那点上；在那边 int. 你瞧,
1694,therefore,英:/ˈðeəfɔː(r)/ 美:/ˈðerfɔːr/,"adv. 因此, 为此, 所以 故…; 由此得出",
1695,these,英:/ðiːz/ 美:/ðiz/,pron. 这些 adj. 这些的,
1696,they,英:/ðeɪ/ 美:/ðe/,pron. 他们；她们；它们,
1697,thick,英:/θɪk/ 美:/θɪk/,adj. 厚的；浓密的；粗的；愚笨的,
1698,thief,英:/θiːf/ 美:/θiːf/,n. 小偷，贼,
1699,thin,英:/θɪn/ 美:/θɪn/,adj. 薄的；瘦的；稀薄的；微弱的 vt. 使淡；使瘦；使稀疏,
1700,thing,英:/θɪŋ/ 美:/θɪŋ/,n. 东西；事物；事情；情况,
1701,think,英:/θɪŋk/ 美:/θɪŋk/,vt. 想；认为；想像；想起；打算 vi. 想；认为,
1702,third,英:/θɜːd/ 美:/θɝd/,num. 第三；三分之一 adj. 第三的；三分之一的,
1703,thirsty,英:/'θɜːstɪ/ 美:/'θɝsti/,adj. 口渴的，口干的；渴望的，热望的,
1704,this,英:/ðɪs/ 美:/ðɪs/,pron. 这；这个；这里 adj. 这；本；这个；今,
1705,thorough,英:/ˈθʌrə/ 美:/ˈθɜːroʊ/,adj. 彻底的；十分的；周密的,
1706,those,英:/ðəʊz/ 美:/ðoz/,adj. 那些的 pron. 那些（that的复数）,
1707,though,英:/ðəʊ/ 美:/ðo/,adv. 可是，虽然；然而；不过 conj. 虽然；尽管,
1708,thousand,英:/'θaʊz(ə)nd/ 美:/'θaʊznd/,n. 一千；一千个；许许多多 adj. 成千的；无数的,
1709,thread,英:/θred/ 美:/θred/,n. 线；线状物；玻璃纤维；思路；路线；[机]螺纹；[美俚]衣服 vt. 穿线于；穿过；使交织,
1710,threat,英:/θret/ 美:/θret/,n. 威胁，恐吓；凶兆,
1711,threaten,英:/ˈθretn/ 美:/ˈθretn/,vt. 威胁；恐吓；预示 vi. 威胁；可能来临,
1712,three,英:/θriː/ 美:/θri/,n. 三，三个 num. 三,
1713,throat,英:/θrəʊt/ 美:/θroʊt/,n. 喉咙；窄路；嗓子，嗓音 vt. 开沟于；用喉音说,
1714,through,英:/θruː/ 美:/θru/,prep. 穿过；通过；凭借 adv. 从头至尾；彻底,
1715,throw,英:/θrəʊ/ 美:/θroʊ/,vt. 抛；投；掷 vi. 抛；投掷,
1716,thumb,英:/θʌm/ 美:/θʌm/,vt. 以拇指拨弄；作搭车手势；笨拙地摆弄；翻阅 vi. 用拇指翻书页；竖起拇指要求搭车,
1717,ticket,英:/'tɪkɪt/ 美:/'tɪkɪt/,n. 票；入场券，标签；证明书；（美）候选人名单；[口]交通罚款单 vt. 加标签于；指派；对…开出交通违规罚单,
1718,tidy,英:/ˈtaɪdi/ 美:/ˈtaɪdi/,adj. 整齐的；[口]相当大的 vt. 整理；收拾；弄整齐,
1719,tie,英:/taɪ/ 美:/taɪ/,n. 领带，领结；平局 v. 系；捆，扎；平局,
1720,tight,英:/taɪt/ 美:/taɪt/,adj. 紧的；绷紧的；没空的；密封的；严厉的；麻烦的；吝啬的 adv. 紧紧地；彻底地,
1721,time,英:/taɪm/ 美:/taɪm/,n. 时间；次数；时代；节拍；倍数 vt. 计时；测定…的时间；安排…的速度,
1722,tired,英:/ˈtaiəd/ 美:/taɪrd/,adj. 疲倦的；厌倦的，厌烦的 v. 疲倦；对…腻烦（tire的过去分词形式）,
1723,tiring,英:/ˈtaɪərɪŋ/ 美:/ˈtaɪərɪŋ/,adj. 麻烦的；无聊的；引起疲劳的；累人的 v. 感到疲倦；厌倦；使劳累（tire的ing形式）,
1724,title,英:/ˈtaɪtl/ 美:/ˈtaɪtl/,n. 标题；头衔；冠军；权利；字幕 vt. 加标题于；赋予头衔；把…称为,
1725,to,"英:/tə,tu,tuː/ 美:/tə,tu,tuː/",adv. 向前；（门等）关上 prep. 向；到；（表示时间、方向）朝…方向,
1726,tobacco,英:/təˈbækəʊ/ 美:/təˈbækoʊ/,n. 烟草，烟叶；烟草制品；抽烟,
1727,today,英:/tə'deɪ/ 美:/tə'de/,adv. 今天；现今 n. 今天；现今,
1728,toe,英:/təʊ/ 美:/toʊ/,n. 脚趾；足尖 vt. 用脚尖走；以趾踏触,
1729,together,英:/tə'geðə/ 美:/tə'ɡɛðɚ/,adv. 一起；总共；同时；连续地；相互 adj. [口]情绪稳定的，做事有效率的；[俚]新潮的,
1730,toilet,英:/'tɒɪlɪt/ 美:/'tɔɪlət/,n. 厕所，盥洗室；梳妆，打扮 vi. 梳妆，打扮,
1731,tomato,英:/tə'mɑːtəʊ/ 美:/təˈmeɪtoʊ/,n. 番茄，西红柿,
1732,tomorrow,英:/tə'mɒrəʊ/ 美:/tə'mɔro/,n. 明天；未来 adv. 明天；未来地（等于to-morrow）,
1733,tongue,英:/tʌŋ/ 美:/tʌŋ/,n. 语言；舌头 vt. 舔；斥责；用舌吹,
1734,tonight,英:/tə'naɪt/ 美:/tə'naɪt/,adv. 在今晚 n. 今晚,
1735,too,英:/tuː/ 美:/tu/,adv. 也；太；非常；还；过度；很,
1736,tool,英:/tuːl/ 美:/tuːl/,n. 工具，用具；器械，机床；手段 vi. 使用工具；用机床装备工厂,
1737,tooth,英:/tuːθ/ 美:/tuθ/,n. 牙齿 vt. 给……装齿,
1738,top,英:/tɒp/ 美:/tɑp/,n. 顶部，顶端；上部；首席；陀螺 vi. 结束；达到顶点；高出，超越,
1739,total,英:/'təʊt(ə)l/ 美:/'totl/,adj. 全部的；整个的；完全的 vt. 总数达,
1740,tough,英:/tʌf/ 美:/tʌf/,adj. 坚韧的，牢固的；艰苦的，困难的；强壮的，结实的；坚强的，不屈不挠的 n. 恶棍,
1741,tourist,英:/'tʊərɪst/ 美:/'tʊrɪst/,n. 旅行者，观光客 adj. 旅游的,
1742,toward,英:/tə'wɔːd/ 美:/tɔrd/,prep. 向；对于；为了；接近 adj. [古]即将来到的，进行中的,
1743,tower,英:/'taʊə/ 美:/'taʊɚ/,n. 塔；高楼；堡垒 vi. 超越；高耸,
1744,town,英:/taʊn/ 美:/taʊn/,n. 城镇，市镇；市内商业区,
1745,toy,英:/tɔɪ/ 美:/tɔɪ/,n. 玩具；小装饰品；不值钱的东西 vi. 玩弄；调情；随随便便地对待,
1746,track,英:/træk/ 美:/træk/,n. 足迹，踪迹；轨道；小道 vt. 追踪；通过；循路而行；用纤拉,
1747,trade,英:/treɪd/ 美:/treɪd/,n. 贸易，交易；行业；职业 vi. 交易，买卖；以物易物,
1748,traditional,英:/trə'dɪʃ(ə)n(ə)l/ 美:/trə'dɪʃənl/,adj. 传统的,
1749,traffic,英:/'træfɪk/ 美:/'træfɪk/,n. 交通；贸易；运输；通信量 vt. 用…作交换；在…通行,
1750,train,英:/treɪn/ 美:/treɪn/,n. 火车；行列；长队；裙裾 v. 训练；培养；瞄准,
1751,training,英:/ˈtreɪnɪŋ/ 美:/ˈtreɪnɪŋ/,n. 训练；培养；瞄准；整枝 v. 训练；教养（train的ing形式）,
1752,translate,英:/træns'leɪt/ 美:/træns'let/,vt. & vi. 翻译; 解释; 转化,
1753,transparent,英:/trænsˈpærənt/ 美:/trænsˈpærənt/,adj. 透明的；明显的；清晰的,
1754,transport,英:/ˈtrænspɔːt/ 美:/ˈtrænspɔːrt/,vt. 运送; 流放 使万分激动,
1755,trap,英:/træp/ 美:/træp/,vt. 诱捕；使…受限制；使…陷入困境 n. 陷阱；圈套；存水弯,
1756,travel,英:/'træv(ə)l/ 美:/'trævl/,vi. 旅行；步行；行进；[口]交往 vt. 在…旅行；经过,
1757,treat,英:/triːt/ 美:/trit/,vt. 对待；治疗；探讨；视为 vi. 探讨；协商；请客,
1758,treatment,英:/'triːtm(ə)nt/ 美:/'tritmənt/,"n. 处理; 对待, 待遇 治疗; 疗法",
1759,tree,英:/triː/ 美:/tri/,n. 树；树状物；木料 vt. 把...赶上树,
1760,tribe,英:/traɪb/ 美:/traɪb/,n. 部落；宗族；一伙；[生]族,
1761,trick,英:/trɪk/ 美:/trɪk/,n. 诡计；恶作剧；窍门；骗局；欺诈；花招 vt. 欺骗；哄骗；装饰；打扮,
1762,tropical,英:/'trɒpɪk(ə)l/ 美:/'trɑpɪkl/,adj. 热带的；酷热的；热情的,
1763,trouble,英:/ˈtrʌbl/ 美:/ˈtrʌbl/,n. 麻烦；动乱；烦恼；故障 vt. 麻烦；使烦恼；折磨,
1764,trousers,英:/'traʊzəz/ 美:/'traʊzɚz/,n. 裤子，长裤,
1765,truck,英:/trʌk/ 美:/trʌk/,n. 卡车；手推车；交易 vi. 以物易物；驾驶卡车,
1766,trust,英:/trʌst/ 美:/trʌst/,n. 信任，信赖；托拉斯（为减少竞争、操纵价格等而非法联合的企业组织） v. 信任，信赖；盼望,
1767,truth,英:/truːθ/ 美:/trʊθ/,n. 事实；真理；实质；诚实,
1768,try,英:/traɪ/ 美:/traɪ/,vt. 试验；审判；考验；试图，努力 vi. 尝试；努力；试验,
1769,tube,英:/tjuːb/ 美:/tuːb/,n. 管；电子管；隧道；电视机 vt. 把…装管；用管输送；使成管状,
1770,tune,英:/tjuːn/ 美:/tuːn/,"n. 曲调, 曲子 vt. & vi. 调音 vt. 调整",
1771,turn,英:/tɜːn/ 美:/tɜːrn/,v.（使）转动，旋转；转弯；翻转 n. 转动；转向；转变；机会,
1772,twice,英:/twaɪs/ 美:/twaɪs/,adv. 两倍；两次,
1773,twist,英:/twɪst/ 美:/twɪst/,vt. 捻；拧；扭伤；编织；使苦恼 n. 扭曲；扭伤；拧,
1774,two,英:/tuː/ 美:/tu/,n. 两个 adj. 两个的,
1775,type,英:/taɪp/ 美:/taɪp/,n. 类型，品种；样式；模范 vt. 打字；测定（血等）类型,
1776,typical,英:/ˈtɪpɪkl/ 美:/ˈtɪpɪkl/,adj. 典型的；特有的；象征性的,
1777,tyre,英:/ˈtaɪə(r)/ 美:/ˈtaɪər/,vt. 装轮胎于 n. 轮胎；轮箍,
1778,ugly,英:/ˈʌɡli/ 美:/ˈʌɡli/,adj. 丑陋的；令人厌恶的；邪恶的,
1779,under,英:/'ʌndə/ 美:/'ʌndɚ/,prep. 低于，少于；在...之下 adv. 在下面；在下方,
1780,understand,英:/ʌndə'stænd/ 美:/'ʌndɚ'stænd/,"vt. & vi. 懂; 理解 vt. 听说, 获悉; 知道, 认为",
1781,underwear,英:/ˈʌndəweə(r)/ 美:/ˈʌndərwer/,n. 内衣,
1782,undo,英:/ʌnˈduː/ 美:/ʌnˈduː/,vt. 解开；取消；破坏；扰乱 vi. 撤消,
1783,unexpected,英:/ʌnɪk'spektɪd/ 美:/'ʌnɪk'spɛktɪd/,"adj. 没有料想到的, 意外的, 突如其来的",
1784,uniform,英:/ˈjuːnɪfɔːm/ 美:/ˈjuːnɪfɔːrm/,adj. 一致的；统一的；相同的；始终如一的；均衡的 n. 制服,
1785,union,英:/ˈjuːniən/ 美:/ˈjuːniən/,n. 联合；联盟，协会；工会,
1786,unit,英:/ˈjuːnɪt/ 美:/ˈjuːnɪt/,n. (工作)单位 (计量或计数用的)单位 (课本中的)单元 (特定功能的)装置,
1787,unite,英:/juˈnaɪt/ 美:/juˈnaɪt/,vt. 使…混合；使…联合；使…团结 vi. 联合；混合；团结,
1788,universe,英:/ˈjuːnɪvɜːs/ 美:/ˈjuːnɪvɜːrs/,n. 宇宙；世界；领域,
1789,university,英:/ˌjuːnɪˈvɜːsəti/ 美:/ˌjuːnɪˈvɜːrsəti/,n.（综合性）大学；高等学府,
1790,unusual,英:/ʌn'juːʒʊəl/ 美:/ʌn'jʊʒʊəl/,adj. 与众不同的；不寻常的；不平常的,
1791,up,英:/ʌp/ 美:/ʌp/,adv. 向上；上涨；起来 prep. 在…之上；向…的较高处,
1792,upper,英:/ˈʌpə(r)/ 美:/ˈʌpər/,adj. 上面的，上部的；较高的,
1793,upright,英:/ˈʌpraɪt/ 美:/ˈʌpraɪt/,adj. 正直的，诚实的；垂直的，直立的；笔直的；合乎正道的 n. 竖立；垂直,
1794,upset,英:/ʌpˈset/ 美:/ʌpˈset/,vt. 使心烦；颠覆；扰乱 vi. 翻倒 adj. 心烦的；混乱的；弄翻的 n. 混乱；翻倒；颠覆,
1795,upstairs,英:/ˌʌpˈsteəz/ 美:/ˌʌpˈsterz/,adv. 在楼上，向楼上；往楼上；上楼 adj. 楼上的,
1796,urgent,英:/ˈɜːdʒənt/ 美:/ˈɜːrdʒənt/,adj. 紧急的；急迫的,
1797,use,英:/ju:z/ 美:/juz/,n. 使用；用途；发挥 vt. 利用；耗费,
1798,useful,英:/'juːsfʊl/ 美:/'jusfl/,adj. 有用的，有益的；有帮助的,
1799,useless,英:/ˈjuːsləs/ 美:/ˈjuːsləs/,adj. 无用的；无效的,
1800,usual,英:/'juːʒʊəl/ 美:/'juʒuəl/,adj. 通常的，惯例的；平常的,
1801,valley,英:/ˈvæli/ 美:/ˈvæli/,n. 山谷；溪谷；流域,
1802,valuable,英:/'væljʊb(ə)l/ 美:/'væljuəbl/,adj. 贵重的；有价值的；可估价的 n. 贵重物品,
1803,various,英:/ˈveəriəs/ 美:/ˈveriəs/,adj. 各种各样的；多方面的,
1804,vegetable,英:/'vedʒtəb(ə)l/ 美:/'vɛdʒtəbl/,n. 蔬菜 生活单调的人; 植物人,
1805,vehicle,英:/ˈviːəkl/ 美:/ˈviːəkl/,n. 车辆；交通工具；运载工具；媒介物；工具；传播媒介,
1806,verb,英:/vɜːb/ 美:/vɜːrb/,n. 动词；动词词性；动词性短语或从句 adj. 动词的；有动词性质的；起动词作用的,
1807,vertical,英:/ˈvɜːtɪkl/ 美:/ˈvɜːrtɪkl/,adj. 垂直的，直立的；头顶的，顶点的 n. 垂直线，垂直面,
1808,very,英:/ˈveri/ 美:/ˈvɛri/,adj. 十足的；恰好是，正是；甚至；特有的 adv. 非常，很；完全,
1809,victory,英:/ˈvɪktəri/ 美:/ˈvɪktəri/,n. 胜利；克服；成功,
1810,video,英:/'vɪdɪəʊ/ 美:/'vɪdɪo/,n. 电视；录像，录像机；视频 adj. 录像的；电视的；视频的,
1811,view,英:/vjuː/ 美:/vjuː/,n. 风景；意见；视野；观察 vt. 查看；观察；考虑,
1812,village,英:/'vɪlɪdʒ/ 美:/'vɪlɪdʒ/,n. 村庄；村民；（动物的）群落,
1813,violence,英:/ˈvaɪələns/ 美:/ˈvaɪələns/,n. 激烈；暴力；侵犯；歪曲,
1814,violent,英:/ˈvaɪələnt/ 美:/ˈvaɪələnt/,adj. 猛烈的；暴力的,
1815,visit,英:/'vɪzɪt/ 美:/'vɪzɪt/,n. 访问；参观；逗留 vt. 参观；视察；访问,
1816,voice,英:/vɒɪs/ 美:/vɔɪs/,n. 声音；愿望；嗓音；发言权 vt. 表达；吐露,
1817,vote,英:/vəʊt/ 美:/voʊt/,n. 投票，选举；选票；得票数 vt. 投票决定；公认；提议，使投票,
1818,wage,英:/weɪdʒ/ 美:/weɪdʒ/,n. 工资；报酬 v. 开展；从事；进行(战争、运动),
1819,waist,英:/weɪst/ 美:/weɪst/,n. 腰，腰部,
1820,wait,英:/weɪt/ 美:/weɪt/,vt. 等候；推迟；延缓 vi. 等待；耽搁；伺候用餐,
1821,waiter,英:/ˈweɪtə(r)/ 美:/ˈweɪtər/,n. 服务员，侍者,
1822,wake,英:/weik/ 美:/wek/,vi. 醒来；唤醒；警觉 vt. 叫醒；激发,
1823,walk,英:/wɔːk/ 美:/wɔk/,n. 步行，走；散步 vt. 散步；走过,
1824,wall,英:/wɔːl/ 美:/wɔːl/,n. 墙壁，围墙；似墙之物 vt. 用墙围住，围以墙,
1825,want,英:/wɒnt/ 美:/wɑnt/,vt. 需要；缺少；应该；希望 n. 需要；缺乏；贫困；必需品,
1826,war,英:/wɔː(r)/ 美:/wɔːr/,n. 战争，斗争；冲突，对抗，竞争；军事，战术 vi. 打仗，作战；对抗,
1827,warm,英:/wɔːm/ 美:/wɔrm/,adj. 温暖的；热情的 vi. 同情；激动；变温暖,
1828,warmth,英:/wɔːmθ/ 美:/wɔːrmθ/,n. 温暖；热情；激动,
1829,warn,英:/wɔːn/ 美:/wɔrn/,vt. 警告，提醒；通知 vi. 发出警告，发出预告,
1830,warning,英:/ˈwɔːnɪŋ/ 美:/ˈwɔːrnɪŋ/,n. 警告；预告；预兆 adj. 警告的；引以为戒的,
1831,wash,英:/wɔʃ/ 美:/wɑʃ/,n. 洗涤；洗的衣服；冲积物；化妆水 vt. 洗涤；冲走；拍打；洗刷,
1832,waste,英:/weɪst/ 美:/west/,n. 废物；浪费；荒地；损耗；地面风化物 vt. 浪费；消耗；使荒芜,
1833,watch,英:/wɒtʃ/ 美:/wɑtʃ，wɔtʃ/,vt. 注视；观察；看守；警戒 n. 手表；守护；监视；值班人,
1834,water,英:/ˈwɔːtə(r)/ 美:/ˈwɔːtər/,n. 水；雨水；海水；海域，大片的水 vt. 使湿；供以水；给…浇水,
1835,wave,英:/weɪv/ 美:/weɪv/,vi. 波动；起伏；摇动；呈波形；挥手示意 vt. 向…挥手示意；使成波浪形；卷（烫）发,
1836,way,英:/weɪ/ 美:/we/,n. 道路；方法；方向；习惯；行业 adv. 远远地；大大地,
1837,we,英:/wiː/ 美:/wi/,pron. 我们（主格）；[古]朕，寡人；笔者，本人（作者或演讲人使用）,
1838,wealth,英:/welθ/ 美:/welθ/,n. 财富；大量；富有,
1839,weapon,英:/ˈwepən/ 美:/ˈwepən/,n. 武器，兵器,
1840,wear,英:/weə/ 美:/wɛr/,n. 穿著，磨损，耐久性 v. 穿著，用旧，耗损,
1841,weather,英:/ˈweðə(r)/ 美:/ˈweðər/,n. 天气；气象；处境；气候 vt. 经受住；使风化；侵蚀；使受风吹雨打,
1842,weave,英:/wiːv/ 美:/wiːv/,vt. 编织；编排；使迂回前进 vi. 纺织；迂回行进；编成,
1843,Website,/ˈwebsaɪt/,n. 网站（全球资讯网的主机站）,
1844,wedding,英:/ˈwedɪŋ/ 美:/ˈwedɪŋ/,n. 结婚；婚礼，婚宴；结合 v. 与…结婚（wed的ing形式）,
1845,week,英:/wiːk/ 美:/wik/,n. 周，星期,
1846,weekly,英:/ˈwiːkli/ 美:/ˈwiːkli/,adj. 每周的；一周一次的；周刊的 n. 周刊,
1847,weigh,英:/weɪ/ 美:/weɪ/,vt. 权衡；考虑；称…重量 vi. 重量为…；具有重要性；成为…的重荷；起锚,
1848,weight,英:/weɪt/ 美:/weɪt/,n. 重量，重力；砝码；重要性；负担 vt. 加重量于，使变重,
1849,welcome,英:/'welkəm/ 美:/'wɛlkəm/,adj. 受欢迎的 n. 欢迎,
1850,well,英:/wel/ 美:/wɛl/,adv. 满意地；适当地；很好地；充分地 adj. 健康的；良好的；适宜的,
1851,west,英:/west/ 美:/wɛst/,n. 西；西方；西部 adj. 西方的；朝西的,
1852,western,英:/ˈwestən/ 美:/ˈwestərn/,adj. 西方的，西部的；有西方特征的 n. 西方人；西部片，西部小说,
1853,wet,英:/wet/ 美:/wet/,adj. 潮湿的；下雨的；（油漆、墨水等）未干的 v. 把…弄湿；使潮湿 n. 液体（尤指水）；雨天；雨,
1854,what,英:/wɒt/ 美:/wɑt/,pron. 什么；多么；多少 adj. 什么；多么；何等,
1855,whatever,英:/wɒt'evə/ 美:/wət'ɛvɚ/,adj. 不管什么样的 pron. 无论什么；诸如此类,
1856,wheat,英:/wiːt/ 美:/wiːt/,n. 小麦；小麦色,
1857,wheel,英:/wiːl/ 美:/wil/,n. 车轮；方向盘；转动 vt. 转动；使变换方向；给…装轮子,
1858,when,英:/wen/ 美:/wɛn/,conj. 既然；当…时；考虑到 adv. 什么时候，何时,
1859,whenever,英:/wen'evə/ 美:/wɛn'ɛvɚ/,conj. 每当；无论何时 adv. 不论何时；随便什么时候,
1860,where,英:/weə/ 美:/wɛr/,adv. 在哪里 pron. 哪里,
1861,whether,英:/'weðə/ 美:/'wɛðɚ/,conj. 是否；不论 pron. 两个中的哪一个,
1862,which,英:/wɪtʃ/ 美:/wɪtʃ/,pron. 哪/那一个；哪/那一些 adj. 哪一个；哪一些,
1863,while,英:/wail/ 美:/waɪl/,conj. 当……的时候；虽然；然而 n. 一会儿；一段时间,
1864,whip,英:/wɪp/ 美:/wɪp/,vt. 抽打；煽动；搅打（蛋，奶油）；[口]彻底击败 n. 鞭子；抽打；车夫；搅拌器,
1865,whistle,英:/ˈwɪsl/ 美:/ˈwɪsl/,n. 口哨；啸啸声；汽笛 vt. 鸣汽笛（过去式whistled，过去分词whistled，现在分词whistling，第三人称单数whistles）；吹口哨,
1866,white,英:/waɪt/ 美:/waɪt/,adj. 白色的；白种的；纯洁的 n. 白色；白种人；洁白,
1867,who,英:/huː/ 美:/hu/,pron. 谁,
1868,width,英:/wɪtθ/ 美:/wɪdθ/,n. 宽度；广度,
1869,wife,英:/waɪf/ 美:/waɪf/,n. 妻子，已婚妇女；夫人,
1870,wild,英:/waɪld/ 美:/waɪld/,adj. 野生的；野蛮的；狂热的；荒凉的 n. 荒野,
1871,whole,英:/həʊl/ 美:/hol/,adj. 完整的；纯粹的 n. 全部；整体,
1872,whose,英:/huːz/ 美:/huz/,pron. 谁的（疑问代词）,
1873,why,英:/waɪ/ 美:/waɪ/,int. 哎呀！什么？ adv. 为什么,
1874,wide,英:/waɪd/ 美:/waɪd/,adj. 宽的，广阔的；张大的；远离目标的；广泛的 adv. 广阔地；充分地；广泛地,
1875,willing,英:/ˈwɪlɪŋ/ 美:/ˈwɪlɪŋ/,adj. 乐意的；心甘情愿的；自愿的 v. 决心；用意志力驱使；将（财产等）遗赠某人（will的现在分词）,
1876,win,英:/wɪn/ 美:/wɪn/,vt. 赢得；在…中获胜；劝诱 vi. 获胜；赢；成功,
1877,wind,英:/wɪnd/ 美:/wɪnd/,n. 风；（随食物或饮料）吞下的气；呼吸；气息；管乐器；空谈 v. 使喘不过气来；（给婴儿轻轻拍抚后背）使打嗝；吹(号角等)；（路、河等）蜿蜒；缠绕；给…上发条；可上发条；倒（磁带、胶卷等）；转动（把手） n. 弯曲；弯曲处；缠绕；转动；上发条,
1878,window,英:/'wɪndəʊ/ 美:/'wɪndo/,n. 窗；窗口；窗户,
1879,wine,英:/waɪn/ 美:/waɪn/,n. 酒，葡萄酒；紫红色 vi. 喝酒,
1880,wing,英:/wɪŋ/ 美:/wɪŋ/,n. 翅膀；翼；飞翔；派别 vt. 使飞；飞过；空运；增加…速度；装以翼,
1881,winter,英:/'wɪntə/ 美:/'wɪntɚ/,n. 冬季；年岁；萧条期 vi. 过冬,
1882,wire,英:/ˈwaɪə(r)/ 美:/ˈwaɪər/,n. 金属丝；电线；电报 vt. 拍电报；给…装电线,
1883,wise,英:/waɪz/ 美:/waɪz/,adj. 聪明的；明智的；博学的 vt. 使知道；教导,
1884,wish,英:/wɪʃ/ 美:/wɪʃ/,n. 希望；祝福；心愿 vt. 渴望；祝愿；向…致问候语,
1885,with,英:/wɪð/ 美:/wɪð/,prep. 用；支持；随着；和…在一起,
1886,within,英:/wɪˈðɪn/ 美:/wɪˈðɪn/,prep. 在…之内 adv. 在内部,
1887,without,英:/wɪð'aʊt/ 美:/wɪ'θaʊt/,prep. 没有；在…外面；超过 adv. 在外面；户外；没有或不显示某事物,
1888,woman,英:/'wʊmən/ 美:/'wʊmən/,n. 女性；妇女；成年女子,
1889,wool,英:/wʊl/ 美:/wʊl/,n. 羊毛；毛线；绒线；毛织品；毛料衣物,
1890,word,英:/wɜːd/ 美:/wɜːrd/,n. 单词；话语；消息；诺言；命令 vt. 用言辞表达,
1891,work,英:/wɜːk/ 美:/wɜːrk/,n. 工作；职业；产品；行为；文学、音乐或艺术作品；工厂；操作；[物]功 vt. 使工作；操作；经营；使缓慢前进,
1892,world,英:/wɜːld/ 美:/wɝld/,n. 世界；全人类；世俗；领域；宇宙；物质生活,
1893,worry,英:/'wʌrɪ/ 美:/ˈwɜ:ri/,n. 烦恼；担心；撕咬 vt. 折磨；担心；发愁,
1894,worse,英:/wɜːs/ 美:/wɝs/,adj. 更坏的；更差的；更恶劣的（bad的比较级）；（病情）更重的（ill的比较级） adv. 更糟；更坏；更恶劣地；更坏地,
1895,worst,英:/wɜːst/ 美:/wɝst/,adj. 最差的，最坏的；最不利的；效能最低的 n. 最坏；最坏的时候,
1896,would,英:/wʊd/ 美:/wʊd/,aux. 将，将要；愿意 v. will的过去式,
1897,wound,英:/wuːnd/ 美:/wund/,n. 创伤，伤口 vt. 使受伤,
1898,wrap,英:/ræp/ 美:/ræp/,vt. 包；隐藏；缠绕；掩护 vi. 缠绕；穿外衣；包起来,
1899,wrist,英:/rɪst/ 美:/rɪst/,n. 腕关节；手腕 vt. 用腕力移动,
1900,write,英:/raɪt/ 美:/raɪt/,vi. 写，写字；写作，作曲；写信 vt. 写，书写；著述；写信给,
1901,wrong,英:/rɒŋ/ 美:/rɔŋ/,adv. 错误地；邪恶的，不正当地 n. 坏事；不公正,
1902,year,英:/jɪə/ 美:/jɪr/,n. 年；历年；年度,
1903,yellow,英:/'jeləʊ/ 美:/'jɛlo/,adj. 黄色的；黄皮肤的 n. 黄色；黄色颜料；黄种人,
1904,yes,英:/jes/ 美:/jɛs/,adv. 是 n. 同意,
1905,yesterday,英:/'jestədeɪ/ 美:/'jɛstɚde/,n. 昨天；近来 adv. 昨天；近来,
1906,yet,英:/jet/ 美:/jɛt/,adv. 还；但是；已经 conj. 然而；但是,
1907,yield,英:/jiːld/ 美:/jiːld/,vt. 出产；屈服；放弃 vi. 屈服，投降,
1908,you,英:/juː/ 美:/jə/,"pron. 您, 你, 你们 一个人, 任何人",
1909,young,英:/jʌŋ/ 美:/jʌŋ/,adj. 年轻的；初期的；没有经验的 n. （动物的）崽，仔；年轻人,
1910,your,英:/jɔː/ 美:/jʊr/,pron. 你的，你们的,
1911,zero,英:/'zɪərəʊ/ 美:/'zɪro/,n. 零点，零度 num. 零,
